-- phpMyAdmin SQL Dump
-- version 5.1.1
-- https://www.phpmyadmin.net/
--
-- Host: 127.0.0.1
-- Waktu pembuatan: 28 Bulan Mei 2022 pada 09.44
-- Versi server: 10.4.19-MariaDB
-- Versi PHP: 8.0.7

SET SQL_MODE = "NO_AUTO_VALUE_ON_ZERO";
START TRANSACTION;
SET time_zone = "+00:00";


/*!40101 SET @OLD_CHARACTER_SET_CLIENT=@@CHARACTER_SET_CLIENT */;
/*!40101 SET @OLD_CHARACTER_SET_RESULTS=@@CHARACTER_SET_RESULTS */;
/*!40101 SET @OLD_COLLATION_CONNECTION=@@COLLATION_CONNECTION */;
/*!40101 SET NAMES utf8mb4 */;

--
-- Database: `beeflix`
--

-- --------------------------------------------------------

--
-- Struktur dari tabel `episodes`
--

CREATE TABLE `episodes` (
  `id` bigint(20) UNSIGNED NOT NULL,
  `movie_id` bigint(20) UNSIGNED NOT NULL,
  `episode` int(11) NOT NULL,
  `title` varchar(255) COLLATE utf8mb4_unicode_ci NOT NULL,
  `created_at` timestamp NULL DEFAULT NULL,
  `updated_at` timestamp NULL DEFAULT NULL
) ENGINE=InnoDB DEFAULT CHARSET=utf8mb4 COLLATE=utf8mb4_unicode_ci;

--
-- Dumping data untuk tabel `episodes`
--

INSERT INTO `episodes` (`id`, `movie_id`, `episode`, `title`, `created_at`, `updated_at`) VALUES
(1, 1, 1, 'Episode 1', '2022-05-27 18:53:29', '2022-05-27 18:53:29'),
(2, 1, 2, 'Episode 2', '2022-05-27 18:53:29', '2022-05-27 18:53:29'),
(3, 1, 3, 'Episode 3', '2022-05-27 18:53:29', '2022-05-27 18:53:29'),
(4, 1, 4, 'Episode 4', '2022-05-27 18:53:29', '2022-05-27 18:53:29'),
(5, 1, 5, 'Episode 5', '2022-05-27 18:53:29', '2022-05-27 18:53:29'),
(6, 1, 6, 'Episode 6', '2022-05-27 18:53:29', '2022-05-27 18:53:29'),
(7, 1, 7, 'Episode 7', '2022-05-27 18:53:29', '2022-05-27 18:53:29'),
(8, 1, 8, 'Episode 8', '2022-05-27 18:53:29', '2022-05-27 18:53:29'),
(9, 1, 9, 'Episode 9', '2022-05-27 18:53:29', '2022-05-27 18:53:29'),
(10, 1, 10, 'Episode 10', '2022-05-27 18:53:29', '2022-05-27 18:53:29'),
(11, 1, 11, 'Episode 11', '2022-05-27 18:53:29', '2022-05-27 18:53:29'),
(12, 1, 12, 'Episode 12', '2022-05-27 18:53:29', '2022-05-27 18:53:29'),
(13, 1, 13, 'Episode 13', '2022-05-27 18:53:30', '2022-05-27 18:53:30'),
(14, 1, 14, 'Episode 14', '2022-05-27 18:53:30', '2022-05-27 18:53:30'),
(15, 1, 15, 'Episode 15', '2022-05-27 18:53:30', '2022-05-27 18:53:30'),
(16, 1, 16, 'Episode 16', '2022-05-27 18:53:30', '2022-05-27 18:53:30'),
(17, 2, 1, 'Episode 1', '2022-05-27 18:53:30', '2022-05-27 18:53:30'),
(18, 2, 2, 'Episode 2', '2022-05-27 18:53:30', '2022-05-27 18:53:30'),
(19, 2, 3, 'Episode 3', '2022-05-27 18:53:30', '2022-05-27 18:53:30'),
(20, 2, 4, 'Episode 4', '2022-05-27 18:53:30', '2022-05-27 18:53:30'),
(21, 2, 5, 'Episode 5', '2022-05-27 18:53:30', '2022-05-27 18:53:30'),
(22, 2, 6, 'Episode 6', '2022-05-27 18:53:30', '2022-05-27 18:53:30'),
(23, 2, 7, 'Episode 7', '2022-05-27 18:53:30', '2022-05-27 18:53:30'),
(24, 2, 8, 'Episode 8', '2022-05-27 18:53:30', '2022-05-27 18:53:30'),
(25, 2, 9, 'Episode 9', '2022-05-27 18:53:30', '2022-05-27 18:53:30'),
(26, 2, 10, 'Episode 10', '2022-05-27 18:53:30', '2022-05-27 18:53:30'),
(27, 2, 11, 'Episode 11', '2022-05-27 18:53:30', '2022-05-27 18:53:30'),
(28, 2, 12, 'Episode 12', '2022-05-27 18:53:30', '2022-05-27 18:53:30'),
(29, 2, 13, 'Episode 13', '2022-05-27 18:53:30', '2022-05-27 18:53:30'),
(30, 2, 14, 'Episode 14', '2022-05-27 18:53:30', '2022-05-27 18:53:30'),
(31, 2, 15, 'Episode 15', '2022-05-27 18:53:30', '2022-05-27 18:53:30'),
(32, 2, 16, 'Episode 16', '2022-05-27 18:53:30', '2022-05-27 18:53:30'),
(33, 3, 1, 'Episode 1', '2022-05-27 18:53:30', '2022-05-27 18:53:30'),
(34, 3, 2, 'Episode 2', '2022-05-27 18:53:30', '2022-05-27 18:53:30'),
(35, 3, 3, 'Episode 3', '2022-05-27 18:53:30', '2022-05-27 18:53:30'),
(36, 3, 4, 'Episode 4', '2022-05-27 18:53:30', '2022-05-27 18:53:30'),
(37, 3, 5, 'Episode 5', '2022-05-27 18:53:30', '2022-05-27 18:53:30'),
(38, 3, 6, 'Episode 6', '2022-05-27 18:53:30', '2022-05-27 18:53:30'),
(39, 3, 7, 'Episode 7', '2022-05-27 18:53:30', '2022-05-27 18:53:30'),
(40, 3, 8, 'Episode 8', '2022-05-27 18:53:30', '2022-05-27 18:53:30'),
(41, 3, 9, 'Episode 9', '2022-05-27 18:53:30', '2022-05-27 18:53:30'),
(42, 3, 10, 'Episode 10', '2022-05-27 18:53:30', '2022-05-27 18:53:30'),
(43, 3, 11, 'Episode 11', '2022-05-27 18:53:30', '2022-05-27 18:53:30'),
(44, 3, 12, 'Episode 12', '2022-05-27 18:53:30', '2022-05-27 18:53:30'),
(45, 3, 13, 'Episode 13', '2022-05-27 18:53:30', '2022-05-27 18:53:30'),
(46, 3, 14, 'Episode 14', '2022-05-27 18:53:30', '2022-05-27 18:53:30'),
(47, 3, 15, 'Episode 15', '2022-05-27 18:53:30', '2022-05-27 18:53:30'),
(48, 3, 16, 'Episode 16', '2022-05-27 18:53:30', '2022-05-27 18:53:30'),
(49, 4, 1, 'Episode 1', '2022-05-27 18:53:30', '2022-05-27 18:53:30'),
(50, 4, 2, 'Episode 2', '2022-05-27 18:53:30', '2022-05-27 18:53:30'),
(51, 4, 3, 'Episode 3', '2022-05-27 18:53:30', '2022-05-27 18:53:30'),
(52, 4, 4, 'Episode 4', '2022-05-27 18:53:30', '2022-05-27 18:53:30'),
(53, 4, 5, 'Episode 5', '2022-05-27 18:53:30', '2022-05-27 18:53:30'),
(54, 4, 6, 'Episode 6', '2022-05-27 18:53:30', '2022-05-27 18:53:30'),
(55, 4, 7, 'Episode 7', '2022-05-27 18:53:30', '2022-05-27 18:53:30'),
(56, 4, 8, 'Episode 8', '2022-05-27 18:53:30', '2022-05-27 18:53:30'),
(57, 4, 9, 'Episode 9', '2022-05-27 18:53:30', '2022-05-27 18:53:30'),
(58, 4, 10, 'Episode 10', '2022-05-27 18:53:30', '2022-05-27 18:53:30'),
(59, 4, 11, 'Episode 11', '2022-05-27 18:53:30', '2022-05-27 18:53:30'),
(60, 4, 12, 'Episode 12', '2022-05-27 18:53:30', '2022-05-27 18:53:30'),
(61, 4, 13, 'Episode 13', '2022-05-27 18:53:30', '2022-05-27 18:53:30'),
(62, 4, 14, 'Episode 14', '2022-05-27 18:53:30', '2022-05-27 18:53:30'),
(63, 4, 15, 'Episode 15', '2022-05-27 18:53:30', '2022-05-27 18:53:30'),
(64, 4, 16, 'Episode 16', '2022-05-27 18:53:30', '2022-05-27 18:53:30'),
(65, 4, 17, 'Episode 17', '2022-05-27 18:53:30', '2022-05-27 18:53:30'),
(66, 4, 18, 'Episode 18', '2022-05-27 18:53:30', '2022-05-27 18:53:30'),
(67, 4, 19, 'Episode 19', '2022-05-27 18:53:30', '2022-05-27 18:53:30'),
(68, 4, 20, 'Episode 20', '2022-05-27 18:53:30', '2022-05-27 18:53:30'),
(69, 5, 1, 'Episode 1', '2022-05-27 18:53:30', '2022-05-27 18:53:30'),
(70, 5, 2, 'Episode 2', '2022-05-27 18:53:30', '2022-05-27 18:53:30'),
(71, 5, 3, 'Episode 3', '2022-05-27 18:53:30', '2022-05-27 18:53:30'),
(72, 5, 4, 'Episode 4', '2022-05-27 18:53:30', '2022-05-27 18:53:30'),
(73, 5, 5, 'Episode 5', '2022-05-27 18:53:30', '2022-05-27 18:53:30'),
(74, 5, 6, 'Episode 6', '2022-05-27 18:53:30', '2022-05-27 18:53:30'),
(75, 5, 7, 'Episode 7', '2022-05-27 18:53:30', '2022-05-27 18:53:30'),
(76, 5, 8, 'Episode 8', '2022-05-27 18:53:30', '2022-05-27 18:53:30'),
(77, 5, 9, 'Episode 9', '2022-05-27 18:53:30', '2022-05-27 18:53:30'),
(78, 5, 10, 'Episode 10', '2022-05-27 18:53:30', '2022-05-27 18:53:30'),
(79, 5, 11, 'Episode 11', '2022-05-27 18:53:30', '2022-05-27 18:53:30'),
(80, 5, 12, 'Episode 12', '2022-05-27 18:53:30', '2022-05-27 18:53:30'),
(81, 5, 13, 'Episode 13', '2022-05-27 18:53:30', '2022-05-27 18:53:30'),
(82, 5, 14, 'Episode 14', '2022-05-27 18:53:30', '2022-05-27 18:53:30'),
(83, 5, 15, 'Episode 15', '2022-05-27 18:53:30', '2022-05-27 18:53:30'),
(84, 5, 16, 'Episode 16', '2022-05-27 18:53:30', '2022-05-27 18:53:30'),
(85, 5, 17, 'Episode 17', '2022-05-27 18:53:30', '2022-05-27 18:53:30'),
(86, 5, 18, 'Episode 18', '2022-05-27 18:53:30', '2022-05-27 18:53:30'),
(87, 5, 19, 'Episode 19', '2022-05-27 18:53:30', '2022-05-27 18:53:30'),
(88, 5, 20, 'Episode 20', '2022-05-27 18:53:30', '2022-05-27 18:53:30'),
(89, 5, 21, 'Episode 21', '2022-05-27 18:53:30', '2022-05-27 18:53:30'),
(90, 6, 1, 'Episode 1', '2022-05-27 18:53:30', '2022-05-27 18:53:30'),
(91, 6, 2, 'Episode 2', '2022-05-27 18:53:30', '2022-05-27 18:53:30'),
(92, 6, 3, 'Episode 3', '2022-05-27 18:53:30', '2022-05-27 18:53:30'),
(93, 6, 4, 'Episode 4', '2022-05-27 18:53:30', '2022-05-27 18:53:30'),
(94, 6, 5, 'Episode 5', '2022-05-27 18:53:30', '2022-05-27 18:53:30'),
(95, 6, 6, 'Episode 6', '2022-05-27 18:53:30', '2022-05-27 18:53:30'),
(96, 6, 7, 'Episode 7', '2022-05-27 18:53:30', '2022-05-27 18:53:30'),
(97, 6, 8, 'Episode 8', '2022-05-27 18:53:30', '2022-05-27 18:53:30'),
(98, 6, 9, 'Episode 9', '2022-05-27 18:53:30', '2022-05-27 18:53:30'),
(99, 6, 10, 'Episode 10', '2022-05-27 18:53:30', '2022-05-27 18:53:30'),
(100, 6, 11, 'Episode 11', '2022-05-27 18:53:30', '2022-05-27 18:53:30'),
(101, 6, 12, 'Episode 12', '2022-05-27 18:53:30', '2022-05-27 18:53:30'),
(102, 6, 13, 'Episode 13', '2022-05-27 18:53:30', '2022-05-27 18:53:30'),
(103, 6, 14, 'Episode 14', '2022-05-27 18:53:30', '2022-05-27 18:53:30'),
(104, 6, 15, 'Episode 15', '2022-05-27 18:53:30', '2022-05-27 18:53:30'),
(105, 6, 16, 'Episode 16', '2022-05-27 18:53:30', '2022-05-27 18:53:30'),
(106, 7, 1, 'Episode 1', '2022-05-27 18:53:30', '2022-05-27 18:53:30'),
(107, 7, 2, 'Episode 2', '2022-05-27 18:53:30', '2022-05-27 18:53:30'),
(108, 7, 3, 'Episode 3', '2022-05-27 18:53:30', '2022-05-27 18:53:30'),
(109, 7, 4, 'Episode 4', '2022-05-27 18:53:30', '2022-05-27 18:53:30'),
(110, 7, 5, 'Episode 5', '2022-05-27 18:53:30', '2022-05-27 18:53:30'),
(111, 7, 6, 'Episode 6', '2022-05-27 18:53:30', '2022-05-27 18:53:30'),
(112, 7, 7, 'Episode 7', '2022-05-27 18:53:30', '2022-05-27 18:53:30'),
(113, 7, 8, 'Episode 8', '2022-05-27 18:53:30', '2022-05-27 18:53:30'),
(114, 7, 9, 'Episode 9', '2022-05-27 18:53:30', '2022-05-27 18:53:30'),
(115, 7, 10, 'Episode 10', '2022-05-27 18:53:30', '2022-05-27 18:53:30'),
(116, 7, 11, 'Episode 11', '2022-05-27 18:53:30', '2022-05-27 18:53:30'),
(117, 7, 12, 'Episode 12', '2022-05-27 18:53:30', '2022-05-27 18:53:30'),
(118, 7, 13, 'Episode 13', '2022-05-27 18:53:30', '2022-05-27 18:53:30'),
(119, 7, 14, 'Episode 14', '2022-05-27 18:53:30', '2022-05-27 18:53:30'),
(120, 7, 15, 'Episode 15', '2022-05-27 18:53:30', '2022-05-27 18:53:30'),
(121, 7, 16, 'Episode 16', '2022-05-27 18:53:30', '2022-05-27 18:53:30'),
(122, 7, 17, 'Episode 17', '2022-05-27 18:53:30', '2022-05-27 18:53:30'),
(123, 7, 18, 'Episode 18', '2022-05-27 18:53:30', '2022-05-27 18:53:30'),
(124, 7, 19, 'Episode 19', '2022-05-27 18:53:30', '2022-05-27 18:53:30'),
(125, 7, 20, 'Episode 20', '2022-05-27 18:53:30', '2022-05-27 18:53:30'),
(126, 8, 1, 'Episode 1', '2022-05-27 18:53:30', '2022-05-27 18:53:30'),
(127, 8, 2, 'Episode 2', '2022-05-27 18:53:30', '2022-05-27 18:53:30'),
(128, 8, 3, 'Episode 3', '2022-05-27 18:53:30', '2022-05-27 18:53:30'),
(129, 8, 4, 'Episode 4', '2022-05-27 18:53:30', '2022-05-27 18:53:30'),
(130, 8, 5, 'Episode 5', '2022-05-27 18:53:30', '2022-05-27 18:53:30'),
(131, 8, 6, 'Episode 6', '2022-05-27 18:53:30', '2022-05-27 18:53:30'),
(132, 8, 7, 'Episode 7', '2022-05-27 18:53:30', '2022-05-27 18:53:30'),
(133, 8, 8, 'Episode 8', '2022-05-27 18:53:30', '2022-05-27 18:53:30'),
(134, 8, 9, 'Episode 9', '2022-05-27 18:53:30', '2022-05-27 18:53:30'),
(135, 8, 10, 'Episode 10', '2022-05-27 18:53:30', '2022-05-27 18:53:30'),
(136, 8, 11, 'Episode 11', '2022-05-27 18:53:30', '2022-05-27 18:53:30'),
(137, 8, 12, 'Episode 12', '2022-05-27 18:53:30', '2022-05-27 18:53:30'),
(138, 8, 13, 'Episode 13', '2022-05-27 18:53:30', '2022-05-27 18:53:30'),
(139, 8, 14, 'Episode 14', '2022-05-27 18:53:30', '2022-05-27 18:53:30'),
(140, 8, 15, 'Episode 15', '2022-05-27 18:53:30', '2022-05-27 18:53:30'),
(141, 8, 16, 'Episode 16', '2022-05-27 18:53:30', '2022-05-27 18:53:30'),
(142, 9, 1, 'Episode 1', '2022-05-27 18:53:30', '2022-05-27 18:53:30'),
(143, 9, 2, 'Episode 2', '2022-05-27 18:53:30', '2022-05-27 18:53:30'),
(144, 9, 3, 'Episode 3', '2022-05-27 18:53:30', '2022-05-27 18:53:30'),
(145, 9, 4, 'Episode 4', '2022-05-27 18:53:30', '2022-05-27 18:53:30'),
(146, 9, 5, 'Episode 5', '2022-05-27 18:53:30', '2022-05-27 18:53:30'),
(147, 9, 6, 'Episode 6', '2022-05-27 18:53:30', '2022-05-27 18:53:30'),
(148, 9, 7, 'Episode 7', '2022-05-27 18:53:30', '2022-05-27 18:53:30'),
(149, 9, 8, 'Episode 8', '2022-05-27 18:53:30', '2022-05-27 18:53:30'),
(150, 9, 9, 'Episode 9', '2022-05-27 18:53:30', '2022-05-27 18:53:30'),
(151, 9, 10, 'Episode 10', '2022-05-27 18:53:30', '2022-05-27 18:53:30'),
(152, 9, 11, 'Episode 11', '2022-05-27 18:53:30', '2022-05-27 18:53:30'),
(153, 9, 12, 'Episode 12', '2022-05-27 18:53:30', '2022-05-27 18:53:30'),
(154, 9, 13, 'Episode 13', '2022-05-27 18:53:30', '2022-05-27 18:53:30'),
(155, 9, 14, 'Episode 14', '2022-05-27 18:53:30', '2022-05-27 18:53:30'),
(156, 9, 15, 'Episode 15', '2022-05-27 18:53:30', '2022-05-27 18:53:30'),
(157, 9, 16, 'Episode 16', '2022-05-27 18:53:30', '2022-05-27 18:53:30'),
(158, 10, 1, 'Episode 1', '2022-05-27 18:53:30', '2022-05-27 18:53:30'),
(159, 10, 2, 'Episode 2', '2022-05-27 18:53:30', '2022-05-27 18:53:30'),
(160, 10, 3, 'Episode 3', '2022-05-27 18:53:30', '2022-05-27 18:53:30'),
(161, 10, 4, 'Episode 4', '2022-05-27 18:53:30', '2022-05-27 18:53:30'),
(162, 10, 5, 'Episode 5', '2022-05-27 18:53:30', '2022-05-27 18:53:30'),
(163, 10, 6, 'Episode 6', '2022-05-27 18:53:30', '2022-05-27 18:53:30'),
(164, 10, 7, 'Episode 7', '2022-05-27 18:53:30', '2022-05-27 18:53:30'),
(165, 10, 8, 'Episode 8', '2022-05-27 18:53:30', '2022-05-27 18:53:30'),
(166, 10, 9, 'Episode 9', '2022-05-27 18:53:30', '2022-05-27 18:53:30'),
(167, 10, 10, 'Episode 10', '2022-05-27 18:53:30', '2022-05-27 18:53:30'),
(168, 10, 11, 'Episode 11', '2022-05-27 18:53:30', '2022-05-27 18:53:30'),
(169, 10, 12, 'Episode 12', '2022-05-27 18:53:30', '2022-05-27 18:53:30'),
(170, 10, 13, 'Episode 13', '2022-05-27 18:53:30', '2022-05-27 18:53:30'),
(171, 10, 14, 'Episode 14', '2022-05-27 18:53:30', '2022-05-27 18:53:30'),
(172, 10, 15, 'Episode 15', '2022-05-27 18:53:30', '2022-05-27 18:53:30'),
(173, 10, 16, 'Episode 16', '2022-05-27 18:53:30', '2022-05-27 18:53:30'),
(174, 10, 17, 'Episode 17', '2022-05-27 18:53:30', '2022-05-27 18:53:30'),
(175, 10, 18, 'Episode 18', '2022-05-27 18:53:30', '2022-05-27 18:53:30'),
(176, 10, 19, 'Episode 19', '2022-05-27 18:53:30', '2022-05-27 18:53:30'),
(177, 10, 20, 'Episode 20', '2022-05-27 18:53:30', '2022-05-27 18:53:30'),
(178, 11, 1, 'Episode 1', '2022-05-27 18:53:30', '2022-05-27 18:53:30'),
(179, 11, 2, 'Episode 2', '2022-05-27 18:53:30', '2022-05-27 18:53:30'),
(180, 11, 3, 'Episode 3', '2022-05-27 18:53:30', '2022-05-27 18:53:30'),
(181, 11, 4, 'Episode 4', '2022-05-27 18:53:30', '2022-05-27 18:53:30'),
(182, 11, 5, 'Episode 5', '2022-05-27 18:53:30', '2022-05-27 18:53:30'),
(183, 11, 6, 'Episode 6', '2022-05-27 18:53:30', '2022-05-27 18:53:30'),
(184, 11, 7, 'Episode 7', '2022-05-27 18:53:30', '2022-05-27 18:53:30'),
(185, 11, 8, 'Episode 8', '2022-05-27 18:53:30', '2022-05-27 18:53:30'),
(186, 11, 9, 'Episode 9', '2022-05-27 18:53:30', '2022-05-27 18:53:30'),
(187, 11, 10, 'Episode 10', '2022-05-27 18:53:30', '2022-05-27 18:53:30'),
(188, 11, 11, 'Episode 11', '2022-05-27 18:53:30', '2022-05-27 18:53:30'),
(189, 11, 12, 'Episode 12', '2022-05-27 18:53:30', '2022-05-27 18:53:30'),
(190, 11, 13, 'Episode 13', '2022-05-27 18:53:30', '2022-05-27 18:53:30'),
(191, 11, 14, 'Episode 14', '2022-05-27 18:53:30', '2022-05-27 18:53:30'),
(192, 11, 15, 'Episode 15', '2022-05-27 18:53:30', '2022-05-27 18:53:30'),
(193, 11, 16, 'Episode 16', '2022-05-27 18:53:30', '2022-05-27 18:53:30'),
(194, 11, 17, 'Episode 17', '2022-05-27 18:53:30', '2022-05-27 18:53:30'),
(195, 11, 18, 'Episode 18', '2022-05-27 18:53:30', '2022-05-27 18:53:30'),
(196, 11, 19, 'Episode 19', '2022-05-27 18:53:30', '2022-05-27 18:53:30'),
(197, 11, 20, 'Episode 20', '2022-05-27 18:53:30', '2022-05-27 18:53:30'),
(198, 11, 21, 'Episode 21', '2022-05-27 18:53:30', '2022-05-27 18:53:30'),
(199, 11, 22, 'Episode 22', '2022-05-27 18:53:30', '2022-05-27 18:53:30'),
(200, 11, 23, 'Episode 23', '2022-05-27 18:53:30', '2022-05-27 18:53:30'),
(201, 11, 24, 'Episode 24', '2022-05-27 18:53:30', '2022-05-27 18:53:30'),
(202, 11, 25, 'Episode 25', '2022-05-27 18:53:30', '2022-05-27 18:53:30'),
(203, 11, 26, 'Episode 26', '2022-05-27 18:53:30', '2022-05-27 18:53:30'),
(204, 11, 27, 'Episode 27', '2022-05-27 18:53:30', '2022-05-27 18:53:30'),
(205, 11, 28, 'Episode 28', '2022-05-27 18:53:30', '2022-05-27 18:53:30'),
(206, 11, 29, 'Episode 29', '2022-05-27 18:53:30', '2022-05-27 18:53:30'),
(207, 11, 30, 'Episode 30', '2022-05-27 18:53:30', '2022-05-27 18:53:30'),
(208, 11, 31, 'Episode 31', '2022-05-27 18:53:30', '2022-05-27 18:53:30'),
(209, 11, 32, 'Episode 32', '2022-05-27 18:53:30', '2022-05-27 18:53:30'),
(210, 11, 33, 'Episode 33', '2022-05-27 18:53:30', '2022-05-27 18:53:30'),
(211, 11, 34, 'Episode 34', '2022-05-27 18:53:30', '2022-05-27 18:53:30'),
(212, 11, 35, 'Episode 35', '2022-05-27 18:53:30', '2022-05-27 18:53:30'),
(213, 11, 36, 'Episode 36', '2022-05-27 18:53:30', '2022-05-27 18:53:30'),
(214, 11, 37, 'Episode 37', '2022-05-27 18:53:30', '2022-05-27 18:53:30'),
(215, 11, 38, 'Episode 38', '2022-05-27 18:53:30', '2022-05-27 18:53:30'),
(216, 11, 39, 'Episode 39', '2022-05-27 18:53:30', '2022-05-27 18:53:30'),
(217, 12, 1, 'Episode 1', '2022-05-27 18:53:30', '2022-05-27 18:53:30'),
(218, 12, 2, 'Episode 2', '2022-05-27 18:53:30', '2022-05-27 18:53:30'),
(219, 12, 3, 'Episode 3', '2022-05-27 18:53:30', '2022-05-27 18:53:30'),
(220, 12, 4, 'Episode 4', '2022-05-27 18:53:30', '2022-05-27 18:53:30'),
(221, 12, 5, 'Episode 5', '2022-05-27 18:53:30', '2022-05-27 18:53:30'),
(222, 12, 6, 'Episode 6', '2022-05-27 18:53:30', '2022-05-27 18:53:30'),
(223, 12, 7, 'Episode 7', '2022-05-27 18:53:30', '2022-05-27 18:53:30'),
(224, 12, 8, 'Episode 8', '2022-05-27 18:53:30', '2022-05-27 18:53:30'),
(225, 12, 9, 'Episode 9', '2022-05-27 18:53:30', '2022-05-27 18:53:30'),
(226, 12, 10, 'Episode 10', '2022-05-27 18:53:30', '2022-05-27 18:53:30'),
(227, 12, 11, 'Episode 11', '2022-05-27 18:53:30', '2022-05-27 18:53:30'),
(228, 12, 12, 'Episode 12', '2022-05-27 18:53:30', '2022-05-27 18:53:30'),
(229, 12, 13, 'Episode 13', '2022-05-27 18:53:30', '2022-05-27 18:53:30'),
(230, 12, 14, 'Episode 14', '2022-05-27 18:53:30', '2022-05-27 18:53:30'),
(231, 12, 15, 'Episode 15', '2022-05-27 18:53:30', '2022-05-27 18:53:30'),
(232, 12, 16, 'Episode 16', '2022-05-27 18:53:30', '2022-05-27 18:53:30'),
(233, 12, 17, 'Episode 17', '2022-05-27 18:53:30', '2022-05-27 18:53:30'),
(234, 12, 18, 'Episode 18', '2022-05-27 18:53:30', '2022-05-27 18:53:30'),
(235, 12, 19, 'Episode 19', '2022-05-27 18:53:30', '2022-05-27 18:53:30'),
(236, 12, 20, 'Episode 20', '2022-05-27 18:53:30', '2022-05-27 18:53:30'),
(237, 12, 21, 'Episode 21', '2022-05-27 18:53:30', '2022-05-27 18:53:30'),
(238, 12, 22, 'Episode 22', '2022-05-27 18:53:30', '2022-05-27 18:53:30'),
(239, 12, 23, 'Episode 23', '2022-05-27 18:53:30', '2022-05-27 18:53:30'),
(240, 12, 24, 'Episode 24', '2022-05-27 18:53:30', '2022-05-27 18:53:30'),
(241, 13, 1, 'Episode 1', '2022-05-27 18:53:30', '2022-05-27 18:53:30'),
(242, 13, 2, 'Episode 2', '2022-05-27 18:53:30', '2022-05-27 18:53:30'),
(243, 13, 3, 'Episode 3', '2022-05-27 18:53:30', '2022-05-27 18:53:30'),
(244, 13, 4, 'Episode 4', '2022-05-27 18:53:30', '2022-05-27 18:53:30'),
(245, 13, 5, 'Episode 5', '2022-05-27 18:53:30', '2022-05-27 18:53:30'),
(246, 13, 6, 'Episode 6', '2022-05-27 18:53:31', '2022-05-27 18:53:31'),
(247, 13, 7, 'Episode 7', '2022-05-27 18:53:31', '2022-05-27 18:53:31'),
(248, 13, 8, 'Episode 8', '2022-05-27 18:53:31', '2022-05-27 18:53:31'),
(249, 13, 9, 'Episode 9', '2022-05-27 18:53:31', '2022-05-27 18:53:31'),
(250, 13, 10, 'Episode 10', '2022-05-27 18:53:31', '2022-05-27 18:53:31'),
(251, 13, 11, 'Episode 11', '2022-05-27 18:53:31', '2022-05-27 18:53:31'),
(252, 13, 12, 'Episode 12', '2022-05-27 18:53:31', '2022-05-27 18:53:31'),
(253, 13, 13, 'Episode 13', '2022-05-27 18:53:31', '2022-05-27 18:53:31'),
(254, 13, 14, 'Episode 14', '2022-05-27 18:53:31', '2022-05-27 18:53:31'),
(255, 13, 15, 'Episode 15', '2022-05-27 18:53:31', '2022-05-27 18:53:31'),
(256, 13, 16, 'Episode 16', '2022-05-27 18:53:31', '2022-05-27 18:53:31'),
(257, 13, 17, 'Episode 17', '2022-05-27 18:53:31', '2022-05-27 18:53:31'),
(258, 13, 18, 'Episode 18', '2022-05-27 18:53:31', '2022-05-27 18:53:31'),
(259, 13, 19, 'Episode 19', '2022-05-27 18:53:31', '2022-05-27 18:53:31'),
(260, 13, 20, 'Episode 20', '2022-05-27 18:53:31', '2022-05-27 18:53:31'),
(261, 14, 1, 'Episode 1', '2022-05-27 18:53:31', '2022-05-27 18:53:31'),
(262, 14, 2, 'Episode 2', '2022-05-27 18:53:31', '2022-05-27 18:53:31'),
(263, 14, 3, 'Episode 3', '2022-05-27 18:53:31', '2022-05-27 18:53:31'),
(264, 14, 4, 'Episode 4', '2022-05-27 18:53:31', '2022-05-27 18:53:31'),
(265, 14, 5, 'Episode 5', '2022-05-27 18:53:31', '2022-05-27 18:53:31'),
(266, 14, 6, 'Episode 6', '2022-05-27 18:53:31', '2022-05-27 18:53:31'),
(267, 14, 7, 'Episode 7', '2022-05-27 18:53:31', '2022-05-27 18:53:31'),
(268, 14, 8, 'Episode 8', '2022-05-27 18:53:31', '2022-05-27 18:53:31'),
(269, 14, 9, 'Episode 9', '2022-05-27 18:53:31', '2022-05-27 18:53:31'),
(270, 14, 10, 'Episode 10', '2022-05-27 18:53:31', '2022-05-27 18:53:31'),
(271, 14, 11, 'Episode 11', '2022-05-27 18:53:31', '2022-05-27 18:53:31'),
(272, 14, 12, 'Episode 12', '2022-05-27 18:53:31', '2022-05-27 18:53:31'),
(273, 14, 13, 'Episode 13', '2022-05-27 18:53:31', '2022-05-27 18:53:31'),
(274, 14, 14, 'Episode 14', '2022-05-27 18:53:31', '2022-05-27 18:53:31'),
(275, 14, 15, 'Episode 15', '2022-05-27 18:53:31', '2022-05-27 18:53:31'),
(276, 14, 16, 'Episode 16', '2022-05-27 18:53:31', '2022-05-27 18:53:31'),
(277, 14, 17, 'Episode 17', '2022-05-27 18:53:31', '2022-05-27 18:53:31'),
(278, 14, 18, 'Episode 18', '2022-05-27 18:53:31', '2022-05-27 18:53:31'),
(279, 14, 19, 'Episode 19', '2022-05-27 18:53:31', '2022-05-27 18:53:31'),
(280, 14, 20, 'Episode 20', '2022-05-27 18:53:31', '2022-05-27 18:53:31'),
(281, 14, 21, 'Episode 21', '2022-05-27 18:53:31', '2022-05-27 18:53:31'),
(282, 14, 22, 'Episode 22', '2022-05-27 18:53:31', '2022-05-27 18:53:31'),
(283, 14, 23, 'Episode 23', '2022-05-27 18:53:31', '2022-05-27 18:53:31'),
(284, 14, 24, 'Episode 24', '2022-05-27 18:53:31', '2022-05-27 18:53:31'),
(285, 14, 25, 'Episode 25', '2022-05-27 18:53:31', '2022-05-27 18:53:31'),
(286, 15, 1, 'Episode 1', '2022-05-27 18:53:31', '2022-05-27 18:53:31'),
(287, 15, 2, 'Episode 2', '2022-05-27 18:53:31', '2022-05-27 18:53:31'),
(288, 15, 3, 'Episode 3', '2022-05-27 18:53:31', '2022-05-27 18:53:31'),
(289, 15, 4, 'Episode 4', '2022-05-27 18:53:31', '2022-05-27 18:53:31'),
(290, 15, 5, 'Episode 5', '2022-05-27 18:53:31', '2022-05-27 18:53:31'),
(291, 15, 6, 'Episode 6', '2022-05-27 18:53:31', '2022-05-27 18:53:31'),
(292, 15, 7, 'Episode 7', '2022-05-27 18:53:31', '2022-05-27 18:53:31'),
(293, 15, 8, 'Episode 8', '2022-05-27 18:53:31', '2022-05-27 18:53:31'),
(294, 15, 9, 'Episode 9', '2022-05-27 18:53:31', '2022-05-27 18:53:31'),
(295, 15, 10, 'Episode 10', '2022-05-27 18:53:31', '2022-05-27 18:53:31'),
(296, 15, 11, 'Episode 11', '2022-05-27 18:53:31', '2022-05-27 18:53:31'),
(297, 15, 12, 'Episode 12', '2022-05-27 18:53:31', '2022-05-27 18:53:31'),
(298, 15, 13, 'Episode 13', '2022-05-27 18:53:31', '2022-05-27 18:53:31'),
(299, 15, 14, 'Episode 14', '2022-05-27 18:53:31', '2022-05-27 18:53:31'),
(300, 15, 15, 'Episode 15', '2022-05-27 18:53:31', '2022-05-27 18:53:31'),
(301, 15, 16, 'Episode 16', '2022-05-27 18:53:31', '2022-05-27 18:53:31'),
(302, 15, 17, 'Episode 17', '2022-05-27 18:53:31', '2022-05-27 18:53:31'),
(303, 15, 18, 'Episode 18', '2022-05-27 18:53:31', '2022-05-27 18:53:31'),
(304, 15, 19, 'Episode 19', '2022-05-27 18:53:31', '2022-05-27 18:53:31'),
(305, 15, 20, 'Episode 20', '2022-05-27 18:53:31', '2022-05-27 18:53:31'),
(306, 15, 21, 'Episode 21', '2022-05-27 18:53:31', '2022-05-27 18:53:31'),
(307, 15, 22, 'Episode 22', '2022-05-27 18:53:31', '2022-05-27 18:53:31'),
(308, 15, 23, 'Episode 23', '2022-05-27 18:53:31', '2022-05-27 18:53:31'),
(309, 15, 24, 'Episode 24', '2022-05-27 18:53:31', '2022-05-27 18:53:31'),
(310, 15, 25, 'Episode 25', '2022-05-27 18:53:31', '2022-05-27 18:53:31'),
(311, 15, 26, 'Episode 26', '2022-05-27 18:53:31', '2022-05-27 18:53:31'),
(312, 15, 27, 'Episode 27', '2022-05-27 18:53:31', '2022-05-27 18:53:31'),
(313, 15, 28, 'Episode 28', '2022-05-27 18:53:31', '2022-05-27 18:53:31'),
(314, 15, 29, 'Episode 29', '2022-05-27 18:53:31', '2022-05-27 18:53:31'),
(315, 15, 30, 'Episode 30', '2022-05-27 18:53:31', '2022-05-27 18:53:31'),
(316, 16, 1, 'Episode 1', '2022-05-27 18:53:31', '2022-05-27 18:53:31'),
(317, 16, 2, 'Episode 2', '2022-05-27 18:53:31', '2022-05-27 18:53:31'),
(318, 16, 3, 'Episode 3', '2022-05-27 18:53:31', '2022-05-27 18:53:31'),
(319, 16, 4, 'Episode 4', '2022-05-27 18:53:31', '2022-05-27 18:53:31'),
(320, 16, 5, 'Episode 5', '2022-05-27 18:53:31', '2022-05-27 18:53:31'),
(321, 16, 6, 'Episode 6', '2022-05-27 18:53:31', '2022-05-27 18:53:31'),
(322, 16, 7, 'Episode 7', '2022-05-27 18:53:31', '2022-05-27 18:53:31'),
(323, 16, 8, 'Episode 8', '2022-05-27 18:53:31', '2022-05-27 18:53:31'),
(324, 16, 9, 'Episode 9', '2022-05-27 18:53:31', '2022-05-27 18:53:31'),
(325, 16, 10, 'Episode 10', '2022-05-27 18:53:31', '2022-05-27 18:53:31'),
(326, 16, 11, 'Episode 11', '2022-05-27 18:53:31', '2022-05-27 18:53:31'),
(327, 16, 12, 'Episode 12', '2022-05-27 18:53:31', '2022-05-27 18:53:31'),
(328, 16, 13, 'Episode 13', '2022-05-27 18:53:31', '2022-05-27 18:53:31'),
(329, 16, 14, 'Episode 14', '2022-05-27 18:53:31', '2022-05-27 18:53:31'),
(330, 16, 15, 'Episode 15', '2022-05-27 18:53:31', '2022-05-27 18:53:31'),
(331, 16, 16, 'Episode 16', '2022-05-27 18:53:31', '2022-05-27 18:53:31'),
(332, 16, 17, 'Episode 17', '2022-05-27 18:53:31', '2022-05-27 18:53:31'),
(333, 16, 18, 'Episode 18', '2022-05-27 18:53:31', '2022-05-27 18:53:31'),
(334, 16, 19, 'Episode 19', '2022-05-27 18:53:31', '2022-05-27 18:53:31'),
(335, 16, 20, 'Episode 20', '2022-05-27 18:53:31', '2022-05-27 18:53:31'),
(336, 16, 21, 'Episode 21', '2022-05-27 18:53:31', '2022-05-27 18:53:31'),
(337, 16, 22, 'Episode 22', '2022-05-27 18:53:31', '2022-05-27 18:53:31'),
(338, 16, 23, 'Episode 23', '2022-05-27 18:53:31', '2022-05-27 18:53:31'),
(339, 16, 24, 'Episode 24', '2022-05-27 18:53:31', '2022-05-27 18:53:31'),
(340, 17, 1, 'Episode 1', '2022-05-27 18:53:31', '2022-05-27 18:53:31'),
(341, 17, 2, 'Episode 2', '2022-05-27 18:53:31', '2022-05-27 18:53:31'),
(342, 17, 3, 'Episode 3', '2022-05-27 18:53:31', '2022-05-27 18:53:31'),
(343, 17, 4, 'Episode 4', '2022-05-27 18:53:31', '2022-05-27 18:53:31'),
(344, 17, 5, 'Episode 5', '2022-05-27 18:53:31', '2022-05-27 18:53:31'),
(345, 17, 6, 'Episode 6', '2022-05-27 18:53:31', '2022-05-27 18:53:31'),
(346, 17, 7, 'Episode 7', '2022-05-27 18:53:31', '2022-05-27 18:53:31'),
(347, 17, 8, 'Episode 8', '2022-05-27 18:53:31', '2022-05-27 18:53:31'),
(348, 17, 9, 'Episode 9', '2022-05-27 18:53:31', '2022-05-27 18:53:31'),
(349, 17, 10, 'Episode 10', '2022-05-27 18:53:31', '2022-05-27 18:53:31'),
(350, 17, 11, 'Episode 11', '2022-05-27 18:53:31', '2022-05-27 18:53:31'),
(351, 17, 12, 'Episode 12', '2022-05-27 18:53:31', '2022-05-27 18:53:31'),
(352, 17, 13, 'Episode 13', '2022-05-27 18:53:31', '2022-05-27 18:53:31'),
(353, 17, 14, 'Episode 14', '2022-05-27 18:53:31', '2022-05-27 18:53:31'),
(354, 17, 15, 'Episode 15', '2022-05-27 18:53:31', '2022-05-27 18:53:31'),
(355, 17, 16, 'Episode 16', '2022-05-27 18:53:31', '2022-05-27 18:53:31'),
(356, 17, 17, 'Episode 17', '2022-05-27 18:53:31', '2022-05-27 18:53:31'),
(357, 17, 18, 'Episode 18', '2022-05-27 18:53:31', '2022-05-27 18:53:31'),
(358, 17, 19, 'Episode 19', '2022-05-27 18:53:31', '2022-05-27 18:53:31'),
(359, 17, 20, 'Episode 20', '2022-05-27 18:53:31', '2022-05-27 18:53:31'),
(360, 17, 21, 'Episode 21', '2022-05-27 18:53:31', '2022-05-27 18:53:31'),
(361, 17, 22, 'Episode 22', '2022-05-27 18:53:31', '2022-05-27 18:53:31'),
(362, 17, 23, 'Episode 23', '2022-05-27 18:53:31', '2022-05-27 18:53:31'),
(363, 17, 24, 'Episode 24', '2022-05-27 18:53:31', '2022-05-27 18:53:31'),
(364, 17, 25, 'Episode 25', '2022-05-27 18:53:31', '2022-05-27 18:53:31'),
(365, 18, 1, 'Episode 1', '2022-05-27 18:53:31', '2022-05-27 18:53:31'),
(366, 18, 2, 'Episode 2', '2022-05-27 18:53:31', '2022-05-27 18:53:31'),
(367, 18, 3, 'Episode 3', '2022-05-27 18:53:31', '2022-05-27 18:53:31'),
(368, 18, 4, 'Episode 4', '2022-05-27 18:53:31', '2022-05-27 18:53:31'),
(369, 18, 5, 'Episode 5', '2022-05-27 18:53:31', '2022-05-27 18:53:31'),
(370, 18, 6, 'Episode 6', '2022-05-27 18:53:31', '2022-05-27 18:53:31'),
(371, 18, 7, 'Episode 7', '2022-05-27 18:53:31', '2022-05-27 18:53:31'),
(372, 18, 8, 'Episode 8', '2022-05-27 18:53:31', '2022-05-27 18:53:31'),
(373, 18, 9, 'Episode 9', '2022-05-27 18:53:31', '2022-05-27 18:53:31'),
(374, 18, 10, 'Episode 10', '2022-05-27 18:53:31', '2022-05-27 18:53:31'),
(375, 18, 11, 'Episode 11', '2022-05-27 18:53:31', '2022-05-27 18:53:31'),
(376, 18, 12, 'Episode 12', '2022-05-27 18:53:31', '2022-05-27 18:53:31'),
(377, 18, 13, 'Episode 13', '2022-05-27 18:53:31', '2022-05-27 18:53:31'),
(378, 18, 14, 'Episode 14', '2022-05-27 18:53:31', '2022-05-27 18:53:31'),
(379, 18, 15, 'Episode 15', '2022-05-27 18:53:31', '2022-05-27 18:53:31'),
(380, 18, 16, 'Episode 16', '2022-05-27 18:53:31', '2022-05-27 18:53:31'),
(381, 18, 17, 'Episode 17', '2022-05-27 18:53:31', '2022-05-27 18:53:31'),
(382, 18, 18, 'Episode 18', '2022-05-27 18:53:31', '2022-05-27 18:53:31'),
(383, 18, 19, 'Episode 19', '2022-05-27 18:53:31', '2022-05-27 18:53:31'),
(384, 18, 20, 'Episode 20', '2022-05-27 18:53:31', '2022-05-27 18:53:31'),
(385, 18, 21, 'Episode 21', '2022-05-27 18:53:31', '2022-05-27 18:53:31'),
(386, 18, 22, 'Episode 22', '2022-05-27 18:53:31', '2022-05-27 18:53:31'),
(387, 18, 23, 'Episode 23', '2022-05-27 18:53:31', '2022-05-27 18:53:31'),
(388, 18, 24, 'Episode 24', '2022-05-27 18:53:31', '2022-05-27 18:53:31'),
(389, 18, 25, 'Episode 25', '2022-05-27 18:53:31', '2022-05-27 18:53:31'),
(390, 18, 26, 'Episode 26', '2022-05-27 18:53:31', '2022-05-27 18:53:31'),
(391, 18, 27, 'Episode 27', '2022-05-27 18:53:31', '2022-05-27 18:53:31'),
(392, 18, 28, 'Episode 28', '2022-05-27 18:53:31', '2022-05-27 18:53:31'),
(393, 18, 29, 'Episode 29', '2022-05-27 18:53:31', '2022-05-27 18:53:31'),
(394, 18, 30, 'Episode 30', '2022-05-27 18:53:31', '2022-05-27 18:53:31'),
(395, 18, 31, 'Episode 31', '2022-05-27 18:53:31', '2022-05-27 18:53:31'),
(396, 18, 32, 'Episode 32', '2022-05-27 18:53:31', '2022-05-27 18:53:31'),
(397, 18, 33, 'Episode 33', '2022-05-27 18:53:31', '2022-05-27 18:53:31'),
(398, 19, 1, 'Episode 1', '2022-05-27 18:53:31', '2022-05-27 18:53:31'),
(399, 19, 2, 'Episode 2', '2022-05-27 18:53:31', '2022-05-27 18:53:31'),
(400, 19, 3, 'Episode 3', '2022-05-27 18:53:31', '2022-05-27 18:53:31'),
(401, 19, 4, 'Episode 4', '2022-05-27 18:53:31', '2022-05-27 18:53:31'),
(402, 19, 5, 'Episode 5', '2022-05-27 18:53:31', '2022-05-27 18:53:31'),
(403, 19, 6, 'Episode 6', '2022-05-27 18:53:31', '2022-05-27 18:53:31'),
(404, 19, 7, 'Episode 7', '2022-05-27 18:53:31', '2022-05-27 18:53:31'),
(405, 19, 8, 'Episode 8', '2022-05-27 18:53:31', '2022-05-27 18:53:31'),
(406, 19, 9, 'Episode 9', '2022-05-27 18:53:31', '2022-05-27 18:53:31'),
(407, 19, 10, 'Episode 10', '2022-05-27 18:53:31', '2022-05-27 18:53:31'),
(408, 19, 11, 'Episode 11', '2022-05-27 18:53:31', '2022-05-27 18:53:31'),
(409, 19, 12, 'Episode 12', '2022-05-27 18:53:31', '2022-05-27 18:53:31'),
(410, 19, 13, 'Episode 13', '2022-05-27 18:53:31', '2022-05-27 18:53:31'),
(411, 19, 14, 'Episode 14', '2022-05-27 18:53:31', '2022-05-27 18:53:31'),
(412, 19, 15, 'Episode 15', '2022-05-27 18:53:31', '2022-05-27 18:53:31'),
(413, 19, 16, 'Episode 16', '2022-05-27 18:53:31', '2022-05-27 18:53:31'),
(414, 19, 17, 'Episode 17', '2022-05-27 18:53:31', '2022-05-27 18:53:31'),
(415, 19, 18, 'Episode 18', '2022-05-27 18:53:31', '2022-05-27 18:53:31'),
(416, 19, 19, 'Episode 19', '2022-05-27 18:53:31', '2022-05-27 18:53:31'),
(417, 19, 20, 'Episode 20', '2022-05-27 18:53:31', '2022-05-27 18:53:31'),
(418, 19, 21, 'Episode 21', '2022-05-27 18:53:31', '2022-05-27 18:53:31'),
(419, 19, 22, 'Episode 22', '2022-05-27 18:53:31', '2022-05-27 18:53:31'),
(420, 19, 23, 'Episode 23', '2022-05-27 18:53:31', '2022-05-27 18:53:31'),
(421, 19, 24, 'Episode 24', '2022-05-27 18:53:31', '2022-05-27 18:53:31'),
(422, 19, 25, 'Episode 25', '2022-05-27 18:53:31', '2022-05-27 18:53:31'),
(423, 19, 26, 'Episode 26', '2022-05-27 18:53:31', '2022-05-27 18:53:31'),
(424, 19, 27, 'Episode 27', '2022-05-27 18:53:31', '2022-05-27 18:53:31'),
(425, 19, 28, 'Episode 28', '2022-05-27 18:53:31', '2022-05-27 18:53:31'),
(426, 19, 29, 'Episode 29', '2022-05-27 18:53:31', '2022-05-27 18:53:31'),
(427, 19, 30, 'Episode 30', '2022-05-27 18:53:31', '2022-05-27 18:53:31'),
(428, 19, 31, 'Episode 31', '2022-05-27 18:53:31', '2022-05-27 18:53:31'),
(429, 19, 32, 'Episode 32', '2022-05-27 18:53:31', '2022-05-27 18:53:31'),
(430, 19, 33, 'Episode 33', '2022-05-27 18:53:31', '2022-05-27 18:53:31'),
(431, 19, 34, 'Episode 34', '2022-05-27 18:53:31', '2022-05-27 18:53:31'),
(432, 19, 35, 'Episode 35', '2022-05-27 18:53:31', '2022-05-27 18:53:31'),
(433, 19, 36, 'Episode 36', '2022-05-27 18:53:31', '2022-05-27 18:53:31'),
(434, 19, 37, 'Episode 37', '2022-05-27 18:53:31', '2022-05-27 18:53:31'),
(435, 19, 38, 'Episode 38', '2022-05-27 18:53:31', '2022-05-27 18:53:31'),
(436, 19, 39, 'Episode 39', '2022-05-27 18:53:31', '2022-05-27 18:53:31'),
(437, 19, 40, 'Episode 40', '2022-05-27 18:53:31', '2022-05-27 18:53:31'),
(438, 19, 41, 'Episode 41', '2022-05-27 18:53:31', '2022-05-27 18:53:31'),
(439, 19, 42, 'Episode 42', '2022-05-27 18:53:31', '2022-05-27 18:53:31'),
(440, 19, 43, 'Episode 43', '2022-05-27 18:53:31', '2022-05-27 18:53:31'),
(441, 19, 44, 'Episode 44', '2022-05-27 18:53:31', '2022-05-27 18:53:31'),
(442, 19, 45, 'Episode 45', '2022-05-27 18:53:31', '2022-05-27 18:53:31'),
(443, 20, 1, 'Episode 1', '2022-05-27 18:53:31', '2022-05-27 18:53:31'),
(444, 20, 2, 'Episode 2', '2022-05-27 18:53:31', '2022-05-27 18:53:31'),
(445, 20, 3, 'Episode 3', '2022-05-27 18:53:31', '2022-05-27 18:53:31'),
(446, 20, 4, 'Episode 4', '2022-05-27 18:53:31', '2022-05-27 18:53:31'),
(447, 20, 5, 'Episode 5', '2022-05-27 18:53:31', '2022-05-27 18:53:31'),
(448, 20, 6, 'Episode 6', '2022-05-27 18:53:31', '2022-05-27 18:53:31'),
(449, 20, 7, 'Episode 7', '2022-05-27 18:53:31', '2022-05-27 18:53:31'),
(450, 20, 8, 'Episode 8', '2022-05-27 18:53:31', '2022-05-27 18:53:31'),
(451, 20, 9, 'Episode 9', '2022-05-27 18:53:31', '2022-05-27 18:53:31'),
(452, 20, 10, 'Episode 10', '2022-05-27 18:53:31', '2022-05-27 18:53:31'),
(453, 20, 11, 'Episode 11', '2022-05-27 18:53:31', '2022-05-27 18:53:31'),
(454, 20, 12, 'Episode 12', '2022-05-27 18:53:32', '2022-05-27 18:53:32'),
(455, 20, 13, 'Episode 13', '2022-05-27 18:53:32', '2022-05-27 18:53:32'),
(456, 20, 14, 'Episode 14', '2022-05-27 18:53:32', '2022-05-27 18:53:32'),
(457, 20, 15, 'Episode 15', '2022-05-27 18:53:32', '2022-05-27 18:53:32'),
(458, 20, 16, 'Episode 16', '2022-05-27 18:53:32', '2022-05-27 18:53:32'),
(459, 20, 17, 'Episode 17', '2022-05-27 18:53:32', '2022-05-27 18:53:32'),
(460, 20, 18, 'Episode 18', '2022-05-27 18:53:32', '2022-05-27 18:53:32'),
(461, 20, 19, 'Episode 19', '2022-05-27 18:53:32', '2022-05-27 18:53:32'),
(462, 20, 20, 'Episode 20', '2022-05-27 18:53:32', '2022-05-27 18:53:32'),
(463, 20, 21, 'Episode 21', '2022-05-27 18:53:32', '2022-05-27 18:53:32'),
(464, 20, 22, 'Episode 22', '2022-05-27 18:53:32', '2022-05-27 18:53:32'),
(465, 20, 23, 'Episode 23', '2022-05-27 18:53:32', '2022-05-27 18:53:32'),
(466, 20, 24, 'Episode 24', '2022-05-27 18:53:32', '2022-05-27 18:53:32'),
(467, 20, 25, 'Episode 25', '2022-05-27 18:53:32', '2022-05-27 18:53:32'),
(468, 20, 26, 'Episode 26', '2022-05-27 18:53:32', '2022-05-27 18:53:32'),
(469, 20, 27, 'Episode 27', '2022-05-27 18:53:32', '2022-05-27 18:53:32'),
(470, 20, 28, 'Episode 28', '2022-05-27 18:53:32', '2022-05-27 18:53:32'),
(471, 20, 29, 'Episode 29', '2022-05-27 18:53:32', '2022-05-27 18:53:32'),
(472, 20, 30, 'Episode 30', '2022-05-27 18:53:32', '2022-05-27 18:53:32'),
(473, 21, 1, 'Episode 1', '2022-05-27 18:53:32', '2022-05-27 18:53:32'),
(474, 21, 2, 'Episode 2', '2022-05-27 18:53:32', '2022-05-27 18:53:32'),
(475, 21, 3, 'Episode 3', '2022-05-27 18:53:32', '2022-05-27 18:53:32'),
(476, 21, 4, 'Episode 4', '2022-05-27 18:53:32', '2022-05-27 18:53:32'),
(477, 21, 5, 'Episode 5', '2022-05-27 18:53:32', '2022-05-27 18:53:32'),
(478, 21, 6, 'Episode 6', '2022-05-27 18:53:32', '2022-05-27 18:53:32'),
(479, 21, 7, 'Episode 7', '2022-05-27 18:53:32', '2022-05-27 18:53:32'),
(480, 21, 8, 'Episode 8', '2022-05-27 18:53:32', '2022-05-27 18:53:32'),
(481, 21, 9, 'Episode 9', '2022-05-27 18:53:32', '2022-05-27 18:53:32'),
(482, 21, 10, 'Episode 10', '2022-05-27 18:53:32', '2022-05-27 18:53:32'),
(483, 21, 11, 'Episode 11', '2022-05-27 18:53:32', '2022-05-27 18:53:32'),
(484, 21, 12, 'Episode 12', '2022-05-27 18:53:32', '2022-05-27 18:53:32'),
(485, 21, 13, 'Episode 13', '2022-05-27 18:53:32', '2022-05-27 18:53:32'),
(486, 21, 14, 'Episode 14', '2022-05-27 18:53:32', '2022-05-27 18:53:32'),
(487, 21, 15, 'Episode 15', '2022-05-27 18:53:32', '2022-05-27 18:53:32'),
(488, 21, 16, 'Episode 16', '2022-05-27 18:53:32', '2022-05-27 18:53:32'),
(489, 21, 17, 'Episode 17', '2022-05-27 18:53:32', '2022-05-27 18:53:32'),
(490, 21, 18, 'Episode 18', '2022-05-27 18:53:32', '2022-05-27 18:53:32'),
(491, 21, 19, 'Episode 19', '2022-05-27 18:53:32', '2022-05-27 18:53:32'),
(492, 21, 20, 'Episode 20', '2022-05-27 18:53:32', '2022-05-27 18:53:32'),
(493, 21, 21, 'Episode 21', '2022-05-27 18:53:32', '2022-05-27 18:53:32'),
(494, 21, 22, 'Episode 22', '2022-05-27 18:53:32', '2022-05-27 18:53:32'),
(495, 21, 23, 'Episode 23', '2022-05-27 18:53:32', '2022-05-27 18:53:32'),
(496, 21, 24, 'Episode 24', '2022-05-27 18:53:32', '2022-05-27 18:53:32'),
(497, 21, 25, 'Episode 25', '2022-05-27 18:53:32', '2022-05-27 18:53:32'),
(498, 21, 26, 'Episode 26', '2022-05-27 18:53:32', '2022-05-27 18:53:32'),
(499, 21, 27, 'Episode 27', '2022-05-27 18:53:32', '2022-05-27 18:53:32'),
(500, 21, 28, 'Episode 28', '2022-05-27 18:53:32', '2022-05-27 18:53:32'),
(501, 21, 29, 'Episode 29', '2022-05-27 18:53:32', '2022-05-27 18:53:32'),
(502, 21, 30, 'Episode 30', '2022-05-27 18:53:32', '2022-05-27 18:53:32'),
(503, 21, 31, 'Episode 31', '2022-05-27 18:53:32', '2022-05-27 18:53:32'),
(504, 21, 32, 'Episode 32', '2022-05-27 18:53:32', '2022-05-27 18:53:32'),
(505, 21, 33, 'Episode 33', '2022-05-27 18:53:32', '2022-05-27 18:53:32'),
(506, 21, 34, 'Episode 34', '2022-05-27 18:53:32', '2022-05-27 18:53:32'),
(507, 21, 35, 'Episode 35', '2022-05-27 18:53:32', '2022-05-27 18:53:32'),
(508, 22, 1, 'Episode 1', '2022-05-27 18:53:32', '2022-05-27 18:53:32'),
(509, 22, 2, 'Episode 2', '2022-05-27 18:53:32', '2022-05-27 18:53:32'),
(510, 22, 3, 'Episode 3', '2022-05-27 18:53:32', '2022-05-27 18:53:32'),
(511, 22, 4, 'Episode 4', '2022-05-27 18:53:32', '2022-05-27 18:53:32'),
(512, 22, 5, 'Episode 5', '2022-05-27 18:53:32', '2022-05-27 18:53:32'),
(513, 22, 6, 'Episode 6', '2022-05-27 18:53:32', '2022-05-27 18:53:32'),
(514, 22, 7, 'Episode 7', '2022-05-27 18:53:32', '2022-05-27 18:53:32'),
(515, 22, 8, 'Episode 8', '2022-05-27 18:53:32', '2022-05-27 18:53:32'),
(516, 22, 9, 'Episode 9', '2022-05-27 18:53:32', '2022-05-27 18:53:32'),
(517, 22, 10, 'Episode 10', '2022-05-27 18:53:32', '2022-05-27 18:53:32'),
(518, 22, 11, 'Episode 11', '2022-05-27 18:53:32', '2022-05-27 18:53:32'),
(519, 22, 12, 'Episode 12', '2022-05-27 18:53:32', '2022-05-27 18:53:32'),
(520, 22, 13, 'Episode 13', '2022-05-27 18:53:32', '2022-05-27 18:53:32'),
(521, 22, 14, 'Episode 14', '2022-05-27 18:53:32', '2022-05-27 18:53:32'),
(522, 22, 15, 'Episode 15', '2022-05-27 18:53:32', '2022-05-27 18:53:32'),
(523, 22, 16, 'Episode 16', '2022-05-27 18:53:32', '2022-05-27 18:53:32'),
(524, 22, 17, 'Episode 17', '2022-05-27 18:53:32', '2022-05-27 18:53:32'),
(525, 22, 18, 'Episode 18', '2022-05-27 18:53:32', '2022-05-27 18:53:32'),
(526, 22, 19, 'Episode 19', '2022-05-27 18:53:32', '2022-05-27 18:53:32'),
(527, 22, 20, 'Episode 20', '2022-05-27 18:53:32', '2022-05-27 18:53:32'),
(528, 23, 1, 'Episode 1', '2022-05-27 18:53:32', '2022-05-27 18:53:32'),
(529, 23, 2, 'Episode 2', '2022-05-27 18:53:32', '2022-05-27 18:53:32'),
(530, 23, 3, 'Episode 3', '2022-05-27 18:53:32', '2022-05-27 18:53:32'),
(531, 23, 4, 'Episode 4', '2022-05-27 18:53:32', '2022-05-27 18:53:32'),
(532, 23, 5, 'Episode 5', '2022-05-27 18:53:32', '2022-05-27 18:53:32'),
(533, 23, 6, 'Episode 6', '2022-05-27 18:53:32', '2022-05-27 18:53:32'),
(534, 23, 7, 'Episode 7', '2022-05-27 18:53:32', '2022-05-27 18:53:32'),
(535, 23, 8, 'Episode 8', '2022-05-27 18:53:32', '2022-05-27 18:53:32'),
(536, 23, 9, 'Episode 9', '2022-05-27 18:53:32', '2022-05-27 18:53:32'),
(537, 23, 10, 'Episode 10', '2022-05-27 18:53:32', '2022-05-27 18:53:32'),
(538, 23, 11, 'Episode 11', '2022-05-27 18:53:32', '2022-05-27 18:53:32'),
(539, 23, 12, 'Episode 12', '2022-05-27 18:53:32', '2022-05-27 18:53:32'),
(540, 23, 13, 'Episode 13', '2022-05-27 18:53:32', '2022-05-27 18:53:32'),
(541, 23, 14, 'Episode 14', '2022-05-27 18:53:32', '2022-05-27 18:53:32'),
(542, 23, 15, 'Episode 15', '2022-05-27 18:53:32', '2022-05-27 18:53:32'),
(543, 23, 16, 'Episode 16', '2022-05-27 18:53:32', '2022-05-27 18:53:32'),
(544, 23, 17, 'Episode 17', '2022-05-27 18:53:32', '2022-05-27 18:53:32'),
(545, 23, 18, 'Episode 18', '2022-05-27 18:53:32', '2022-05-27 18:53:32'),
(546, 23, 19, 'Episode 19', '2022-05-27 18:53:32', '2022-05-27 18:53:32'),
(547, 23, 20, 'Episode 20', '2022-05-27 18:53:32', '2022-05-27 18:53:32'),
(548, 23, 21, 'Episode 21', '2022-05-27 18:53:32', '2022-05-27 18:53:32'),
(549, 23, 22, 'Episode 22', '2022-05-27 18:53:32', '2022-05-27 18:53:32'),
(550, 23, 23, 'Episode 23', '2022-05-27 18:53:32', '2022-05-27 18:53:32'),
(551, 23, 24, 'Episode 24', '2022-05-27 18:53:32', '2022-05-27 18:53:32'),
(552, 23, 25, 'Episode 25', '2022-05-27 18:53:32', '2022-05-27 18:53:32'),
(553, 23, 26, 'Episode 26', '2022-05-27 18:53:32', '2022-05-27 18:53:32'),
(554, 23, 27, 'Episode 27', '2022-05-27 18:53:32', '2022-05-27 18:53:32'),
(555, 23, 28, 'Episode 28', '2022-05-27 18:53:32', '2022-05-27 18:53:32'),
(556, 23, 29, 'Episode 29', '2022-05-27 18:53:32', '2022-05-27 18:53:32'),
(557, 23, 30, 'Episode 30', '2022-05-27 18:53:32', '2022-05-27 18:53:32'),
(558, 23, 31, 'Episode 31', '2022-05-27 18:53:32', '2022-05-27 18:53:32'),
(559, 23, 32, 'Episode 32', '2022-05-27 18:53:32', '2022-05-27 18:53:32'),
(560, 23, 33, 'Episode 33', '2022-05-27 18:53:32', '2022-05-27 18:53:32'),
(561, 23, 34, 'Episode 34', '2022-05-27 18:53:32', '2022-05-27 18:53:32'),
(562, 23, 35, 'Episode 35', '2022-05-27 18:53:32', '2022-05-27 18:53:32'),
(563, 23, 36, 'Episode 36', '2022-05-27 18:53:32', '2022-05-27 18:53:32'),
(564, 23, 37, 'Episode 37', '2022-05-27 18:53:32', '2022-05-27 18:53:32'),
(565, 23, 38, 'Episode 38', '2022-05-27 18:53:32', '2022-05-27 18:53:32'),
(566, 23, 39, 'Episode 39', '2022-05-27 18:53:32', '2022-05-27 18:53:32'),
(567, 23, 40, 'Episode 40', '2022-05-27 18:53:32', '2022-05-27 18:53:32'),
(568, 23, 41, 'Episode 41', '2022-05-27 18:53:32', '2022-05-27 18:53:32'),
(569, 23, 42, 'Episode 42', '2022-05-27 18:53:32', '2022-05-27 18:53:32'),
(570, 23, 43, 'Episode 43', '2022-05-27 18:53:32', '2022-05-27 18:53:32'),
(571, 23, 44, 'Episode 44', '2022-05-27 18:53:32', '2022-05-27 18:53:32'),
(572, 23, 45, 'Episode 45', '2022-05-27 18:53:32', '2022-05-27 18:53:32'),
(573, 24, 1, 'Episode 1', '2022-05-27 18:53:32', '2022-05-27 18:53:32'),
(574, 24, 2, 'Episode 2', '2022-05-27 18:53:32', '2022-05-27 18:53:32'),
(575, 24, 3, 'Episode 3', '2022-05-27 18:53:32', '2022-05-27 18:53:32'),
(576, 24, 4, 'Episode 4', '2022-05-27 18:53:32', '2022-05-27 18:53:32'),
(577, 24, 5, 'Episode 5', '2022-05-27 18:53:32', '2022-05-27 18:53:32'),
(578, 24, 6, 'Episode 6', '2022-05-27 18:53:32', '2022-05-27 18:53:32'),
(579, 24, 7, 'Episode 7', '2022-05-27 18:53:32', '2022-05-27 18:53:32'),
(580, 24, 8, 'Episode 8', '2022-05-27 18:53:32', '2022-05-27 18:53:32'),
(581, 24, 9, 'Episode 9', '2022-05-27 18:53:32', '2022-05-27 18:53:32'),
(582, 24, 10, 'Episode 10', '2022-05-27 18:53:32', '2022-05-27 18:53:32'),
(583, 24, 11, 'Episode 11', '2022-05-27 18:53:32', '2022-05-27 18:53:32'),
(584, 24, 12, 'Episode 12', '2022-05-27 18:53:32', '2022-05-27 18:53:32'),
(585, 24, 13, 'Episode 13', '2022-05-27 18:53:32', '2022-05-27 18:53:32'),
(586, 24, 14, 'Episode 14', '2022-05-27 18:53:32', '2022-05-27 18:53:32'),
(587, 24, 15, 'Episode 15', '2022-05-27 18:53:32', '2022-05-27 18:53:32'),
(588, 24, 16, 'Episode 16', '2022-05-27 18:53:32', '2022-05-27 18:53:32'),
(589, 24, 17, 'Episode 17', '2022-05-27 18:53:32', '2022-05-27 18:53:32'),
(590, 24, 18, 'Episode 18', '2022-05-27 18:53:32', '2022-05-27 18:53:32'),
(591, 24, 19, 'Episode 19', '2022-05-27 18:53:32', '2022-05-27 18:53:32'),
(592, 24, 20, 'Episode 20', '2022-05-27 18:53:32', '2022-05-27 18:53:32'),
(593, 24, 21, 'Episode 21', '2022-05-27 18:53:32', '2022-05-27 18:53:32'),
(594, 24, 22, 'Episode 22', '2022-05-27 18:53:32', '2022-05-27 18:53:32'),
(595, 24, 23, 'Episode 23', '2022-05-27 18:53:32', '2022-05-27 18:53:32'),
(596, 24, 24, 'Episode 24', '2022-05-27 18:53:32', '2022-05-27 18:53:32'),
(597, 24, 25, 'Episode 25', '2022-05-27 18:53:32', '2022-05-27 18:53:32'),
(598, 24, 26, 'Episode 26', '2022-05-27 18:53:32', '2022-05-27 18:53:32'),
(599, 24, 27, 'Episode 27', '2022-05-27 18:53:32', '2022-05-27 18:53:32'),
(600, 24, 28, 'Episode 28', '2022-05-27 18:53:32', '2022-05-27 18:53:32'),
(601, 24, 29, 'Episode 29', '2022-05-27 18:53:32', '2022-05-27 18:53:32'),
(602, 24, 30, 'Episode 30', '2022-05-27 18:53:32', '2022-05-27 18:53:32'),
(603, 24, 31, 'Episode 31', '2022-05-27 18:53:32', '2022-05-27 18:53:32'),
(604, 24, 32, 'Episode 32', '2022-05-27 18:53:32', '2022-05-27 18:53:32'),
(605, 24, 33, 'Episode 33', '2022-05-27 18:53:32', '2022-05-27 18:53:32'),
(606, 24, 34, 'Episode 34', '2022-05-27 18:53:32', '2022-05-27 18:53:32'),
(607, 24, 35, 'Episode 35', '2022-05-27 18:53:32', '2022-05-27 18:53:32'),
(608, 24, 36, 'Episode 36', '2022-05-27 18:53:32', '2022-05-27 18:53:32'),
(609, 24, 37, 'Episode 37', '2022-05-27 18:53:32', '2022-05-27 18:53:32'),
(610, 24, 38, 'Episode 38', '2022-05-27 18:53:32', '2022-05-27 18:53:32'),
(611, 24, 39, 'Episode 39', '2022-05-27 18:53:32', '2022-05-27 18:53:32'),
(612, 24, 40, 'Episode 40', '2022-05-27 18:53:32', '2022-05-27 18:53:32'),
(613, 24, 41, 'Episode 41', '2022-05-27 18:53:32', '2022-05-27 18:53:32'),
(614, 24, 42, 'Episode 42', '2022-05-27 18:53:32', '2022-05-27 18:53:32'),
(615, 24, 43, 'Episode 43', '2022-05-27 18:53:32', '2022-05-27 18:53:32'),
(616, 24, 44, 'Episode 44', '2022-05-27 18:53:32', '2022-05-27 18:53:32'),
(617, 24, 45, 'Episode 45', '2022-05-27 18:53:32', '2022-05-27 18:53:32'),
(618, 25, 1, 'Episode 1', '2022-05-27 18:53:32', '2022-05-27 18:53:32'),
(619, 25, 2, 'Episode 2', '2022-05-27 18:53:32', '2022-05-27 18:53:32'),
(620, 25, 3, 'Episode 3', '2022-05-27 18:53:32', '2022-05-27 18:53:32'),
(621, 25, 4, 'Episode 4', '2022-05-27 18:53:32', '2022-05-27 18:53:32'),
(622, 25, 5, 'Episode 5', '2022-05-27 18:53:32', '2022-05-27 18:53:32'),
(623, 25, 6, 'Episode 6', '2022-05-27 18:53:32', '2022-05-27 18:53:32'),
(624, 25, 7, 'Episode 7', '2022-05-27 18:53:32', '2022-05-27 18:53:32'),
(625, 25, 8, 'Episode 8', '2022-05-27 18:53:32', '2022-05-27 18:53:32'),
(626, 25, 9, 'Episode 9', '2022-05-27 18:53:32', '2022-05-27 18:53:32'),
(627, 25, 10, 'Episode 10', '2022-05-27 18:53:32', '2022-05-27 18:53:32'),
(628, 25, 11, 'Episode 11', '2022-05-27 18:53:32', '2022-05-27 18:53:32'),
(629, 25, 12, 'Episode 12', '2022-05-27 18:53:32', '2022-05-27 18:53:32'),
(630, 25, 13, 'Episode 13', '2022-05-27 18:53:32', '2022-05-27 18:53:32'),
(631, 25, 14, 'Episode 14', '2022-05-27 18:53:32', '2022-05-27 18:53:32'),
(632, 25, 15, 'Episode 15', '2022-05-27 18:53:32', '2022-05-27 18:53:32'),
(633, 25, 16, 'Episode 16', '2022-05-27 18:53:32', '2022-05-27 18:53:32'),
(634, 25, 17, 'Episode 17', '2022-05-27 18:53:32', '2022-05-27 18:53:32'),
(635, 25, 18, 'Episode 18', '2022-05-27 18:53:32', '2022-05-27 18:53:32'),
(636, 25, 19, 'Episode 19', '2022-05-27 18:53:32', '2022-05-27 18:53:32'),
(637, 25, 20, 'Episode 20', '2022-05-27 18:53:32', '2022-05-27 18:53:32'),
(638, 25, 21, 'Episode 21', '2022-05-27 18:53:32', '2022-05-27 18:53:32'),
(639, 25, 22, 'Episode 22', '2022-05-27 18:53:32', '2022-05-27 18:53:32'),
(640, 25, 23, 'Episode 23', '2022-05-27 18:53:32', '2022-05-27 18:53:32'),
(641, 25, 24, 'Episode 24', '2022-05-27 18:53:32', '2022-05-27 18:53:32'),
(642, 25, 25, 'Episode 25', '2022-05-27 18:53:32', '2022-05-27 18:53:32'),
(643, 25, 26, 'Episode 26', '2022-05-27 18:53:32', '2022-05-27 18:53:32'),
(644, 25, 27, 'Episode 27', '2022-05-27 18:53:32', '2022-05-27 18:53:32'),
(645, 25, 28, 'Episode 28', '2022-05-27 18:53:32', '2022-05-27 18:53:32'),
(646, 25, 29, 'Episode 29', '2022-05-27 18:53:32', '2022-05-27 18:53:32'),
(647, 25, 30, 'Episode 30', '2022-05-27 18:53:32', '2022-05-27 18:53:32'),
(648, 25, 31, 'Episode 31', '2022-05-27 18:53:32', '2022-05-27 18:53:32'),
(649, 25, 32, 'Episode 32', '2022-05-27 18:53:32', '2022-05-27 18:53:32'),
(650, 25, 33, 'Episode 33', '2022-05-27 18:53:32', '2022-05-27 18:53:32'),
(651, 25, 34, 'Episode 34', '2022-05-27 18:53:32', '2022-05-27 18:53:32'),
(652, 25, 35, 'Episode 35', '2022-05-27 18:53:32', '2022-05-27 18:53:32'),
(653, 25, 36, 'Episode 36', '2022-05-27 18:53:32', '2022-05-27 18:53:32'),
(654, 26, 1, 'Episode 1', '2022-05-27 18:53:32', '2022-05-27 18:53:32'),
(655, 26, 2, 'Episode 2', '2022-05-27 18:53:32', '2022-05-27 18:53:32'),
(656, 26, 3, 'Episode 3', '2022-05-27 18:53:32', '2022-05-27 18:53:32'),
(657, 26, 4, 'Episode 4', '2022-05-27 18:53:32', '2022-05-27 18:53:32'),
(658, 26, 5, 'Episode 5', '2022-05-27 18:53:32', '2022-05-27 18:53:32'),
(659, 26, 6, 'Episode 6', '2022-05-27 18:53:32', '2022-05-27 18:53:32'),
(660, 26, 7, 'Episode 7', '2022-05-27 18:53:32', '2022-05-27 18:53:32'),
(661, 26, 8, 'Episode 8', '2022-05-27 18:53:32', '2022-05-27 18:53:32'),
(662, 26, 9, 'Episode 9', '2022-05-27 18:53:32', '2022-05-27 18:53:32'),
(663, 26, 10, 'Episode 10', '2022-05-27 18:53:32', '2022-05-27 18:53:32'),
(664, 26, 11, 'Episode 11', '2022-05-27 18:53:32', '2022-05-27 18:53:32'),
(665, 26, 12, 'Episode 12', '2022-05-27 18:53:32', '2022-05-27 18:53:32'),
(666, 26, 13, 'Episode 13', '2022-05-27 18:53:33', '2022-05-27 18:53:33'),
(667, 26, 14, 'Episode 14', '2022-05-27 18:53:33', '2022-05-27 18:53:33'),
(668, 26, 15, 'Episode 15', '2022-05-27 18:53:33', '2022-05-27 18:53:33'),
(669, 26, 16, 'Episode 16', '2022-05-27 18:53:33', '2022-05-27 18:53:33'),
(670, 26, 17, 'Episode 17', '2022-05-27 18:53:33', '2022-05-27 18:53:33'),
(671, 26, 18, 'Episode 18', '2022-05-27 18:53:33', '2022-05-27 18:53:33'),
(672, 26, 19, 'Episode 19', '2022-05-27 18:53:33', '2022-05-27 18:53:33'),
(673, 26, 20, 'Episode 20', '2022-05-27 18:53:33', '2022-05-27 18:53:33'),
(674, 26, 21, 'Episode 21', '2022-05-27 18:53:33', '2022-05-27 18:53:33'),
(675, 26, 22, 'Episode 22', '2022-05-27 18:53:33', '2022-05-27 18:53:33'),
(676, 26, 23, 'Episode 23', '2022-05-27 18:53:33', '2022-05-27 18:53:33'),
(677, 26, 24, 'Episode 24', '2022-05-27 18:53:33', '2022-05-27 18:53:33'),
(678, 26, 25, 'Episode 25', '2022-05-27 18:53:33', '2022-05-27 18:53:33'),
(679, 26, 26, 'Episode 26', '2022-05-27 18:53:33', '2022-05-27 18:53:33'),
(680, 26, 27, 'Episode 27', '2022-05-27 18:53:33', '2022-05-27 18:53:33'),
(681, 26, 28, 'Episode 28', '2022-05-27 18:53:33', '2022-05-27 18:53:33'),
(682, 26, 29, 'Episode 29', '2022-05-27 18:53:33', '2022-05-27 18:53:33'),
(683, 26, 30, 'Episode 30', '2022-05-27 18:53:33', '2022-05-27 18:53:33'),
(684, 26, 31, 'Episode 31', '2022-05-27 18:53:33', '2022-05-27 18:53:33'),
(685, 26, 32, 'Episode 32', '2022-05-27 18:53:33', '2022-05-27 18:53:33'),
(686, 26, 33, 'Episode 33', '2022-05-27 18:53:33', '2022-05-27 18:53:33'),
(687, 26, 34, 'Episode 34', '2022-05-27 18:53:33', '2022-05-27 18:53:33'),
(688, 26, 35, 'Episode 35', '2022-05-27 18:53:33', '2022-05-27 18:53:33'),
(689, 26, 36, 'Episode 36', '2022-05-27 18:53:33', '2022-05-27 18:53:33'),
(690, 26, 37, 'Episode 37', '2022-05-27 18:53:33', '2022-05-27 18:53:33'),
(691, 26, 38, 'Episode 38', '2022-05-27 18:53:33', '2022-05-27 18:53:33'),
(692, 26, 39, 'Episode 39', '2022-05-27 18:53:33', '2022-05-27 18:53:33'),
(693, 26, 40, 'Episode 40', '2022-05-27 18:53:33', '2022-05-27 18:53:33');
INSERT INTO `episodes` (`id`, `movie_id`, `episode`, `title`, `created_at`, `updated_at`) VALUES
(694, 26, 41, 'Episode 41', '2022-05-27 18:53:33', '2022-05-27 18:53:33'),
(695, 26, 42, 'Episode 42', '2022-05-27 18:53:33', '2022-05-27 18:53:33'),
(696, 26, 43, 'Episode 43', '2022-05-27 18:53:33', '2022-05-27 18:53:33'),
(697, 26, 44, 'Episode 44', '2022-05-27 18:53:33', '2022-05-27 18:53:33'),
(698, 26, 45, 'Episode 45', '2022-05-27 18:53:33', '2022-05-27 18:53:33'),
(699, 26, 46, 'Episode 46', '2022-05-27 18:53:33', '2022-05-27 18:53:33'),
(700, 26, 47, 'Episode 47', '2022-05-27 18:53:33', '2022-05-27 18:53:33'),
(701, 26, 48, 'Episode 48', '2022-05-27 18:53:33', '2022-05-27 18:53:33'),
(702, 26, 49, 'Episode 49', '2022-05-27 18:53:33', '2022-05-27 18:53:33'),
(703, 26, 50, 'Episode 50', '2022-05-27 18:53:33', '2022-05-27 18:53:33'),
(704, 26, 51, 'Episode 51', '2022-05-27 18:53:33', '2022-05-27 18:53:33'),
(705, 26, 52, 'Episode 52', '2022-05-27 18:53:33', '2022-05-27 18:53:33'),
(706, 26, 53, 'Episode 53', '2022-05-27 18:53:33', '2022-05-27 18:53:33'),
(707, 26, 54, 'Episode 54', '2022-05-27 18:53:33', '2022-05-27 18:53:33'),
(708, 26, 55, 'Episode 55', '2022-05-27 18:53:33', '2022-05-27 18:53:33'),
(709, 26, 56, 'Episode 56', '2022-05-27 18:53:33', '2022-05-27 18:53:33'),
(710, 26, 57, 'Episode 57', '2022-05-27 18:53:33', '2022-05-27 18:53:33'),
(711, 26, 58, 'Episode 58', '2022-05-27 18:53:33', '2022-05-27 18:53:33'),
(712, 26, 59, 'Episode 59', '2022-05-27 18:53:33', '2022-05-27 18:53:33'),
(713, 26, 60, 'Episode 60', '2022-05-27 18:53:33', '2022-05-27 18:53:33'),
(714, 26, 61, 'Episode 61', '2022-05-27 18:53:33', '2022-05-27 18:53:33'),
(715, 26, 62, 'Episode 62', '2022-05-27 18:53:33', '2022-05-27 18:53:33'),
(716, 26, 63, 'Episode 63', '2022-05-27 18:53:33', '2022-05-27 18:53:33'),
(717, 26, 64, 'Episode 64', '2022-05-27 18:53:33', '2022-05-27 18:53:33'),
(718, 26, 65, 'Episode 65', '2022-05-27 18:53:33', '2022-05-27 18:53:33'),
(719, 26, 66, 'Episode 66', '2022-05-27 18:53:33', '2022-05-27 18:53:33'),
(720, 26, 67, 'Episode 67', '2022-05-27 18:53:33', '2022-05-27 18:53:33'),
(721, 26, 68, 'Episode 68', '2022-05-27 18:53:33', '2022-05-27 18:53:33'),
(722, 26, 69, 'Episode 69', '2022-05-27 18:53:33', '2022-05-27 18:53:33'),
(723, 26, 70, 'Episode 70', '2022-05-27 18:53:33', '2022-05-27 18:53:33'),
(724, 26, 71, 'Episode 71', '2022-05-27 18:53:33', '2022-05-27 18:53:33'),
(725, 26, 72, 'Episode 72', '2022-05-27 18:53:33', '2022-05-27 18:53:33'),
(726, 26, 73, 'Episode 73', '2022-05-27 18:53:33', '2022-05-27 18:53:33'),
(727, 26, 74, 'Episode 74', '2022-05-27 18:53:33', '2022-05-27 18:53:33'),
(728, 26, 75, 'Episode 75', '2022-05-27 18:53:33', '2022-05-27 18:53:33'),
(729, 26, 76, 'Episode 76', '2022-05-27 18:53:33', '2022-05-27 18:53:33'),
(730, 26, 77, 'Episode 77', '2022-05-27 18:53:33', '2022-05-27 18:53:33'),
(731, 26, 78, 'Episode 78', '2022-05-27 18:53:33', '2022-05-27 18:53:33'),
(732, 26, 79, 'Episode 79', '2022-05-27 18:53:33', '2022-05-27 18:53:33'),
(733, 26, 80, 'Episode 80', '2022-05-27 18:53:33', '2022-05-27 18:53:33'),
(734, 26, 81, 'Episode 81', '2022-05-27 18:53:33', '2022-05-27 18:53:33'),
(735, 26, 82, 'Episode 82', '2022-05-27 18:53:33', '2022-05-27 18:53:33'),
(736, 26, 83, 'Episode 83', '2022-05-27 18:53:33', '2022-05-27 18:53:33'),
(737, 26, 84, 'Episode 84', '2022-05-27 18:53:33', '2022-05-27 18:53:33'),
(738, 27, 1, 'Episode 1', '2022-05-27 18:53:33', '2022-05-27 18:53:33'),
(739, 27, 2, 'Episode 2', '2022-05-27 18:53:33', '2022-05-27 18:53:33'),
(740, 27, 3, 'Episode 3', '2022-05-27 18:53:33', '2022-05-27 18:53:33'),
(741, 27, 4, 'Episode 4', '2022-05-27 18:53:33', '2022-05-27 18:53:33'),
(742, 27, 5, 'Episode 5', '2022-05-27 18:53:33', '2022-05-27 18:53:33'),
(743, 27, 6, 'Episode 6', '2022-05-27 18:53:33', '2022-05-27 18:53:33'),
(744, 27, 7, 'Episode 7', '2022-05-27 18:53:33', '2022-05-27 18:53:33'),
(745, 27, 8, 'Episode 8', '2022-05-27 18:53:33', '2022-05-27 18:53:33'),
(746, 27, 9, 'Episode 9', '2022-05-27 18:53:33', '2022-05-27 18:53:33'),
(747, 27, 10, 'Episode 10', '2022-05-27 18:53:33', '2022-05-27 18:53:33'),
(748, 27, 11, 'Episode 11', '2022-05-27 18:53:33', '2022-05-27 18:53:33'),
(749, 27, 12, 'Episode 12', '2022-05-27 18:53:33', '2022-05-27 18:53:33'),
(750, 27, 13, 'Episode 13', '2022-05-27 18:53:33', '2022-05-27 18:53:33'),
(751, 27, 14, 'Episode 14', '2022-05-27 18:53:33', '2022-05-27 18:53:33'),
(752, 27, 15, 'Episode 15', '2022-05-27 18:53:33', '2022-05-27 18:53:33'),
(753, 27, 16, 'Episode 16', '2022-05-27 18:53:33', '2022-05-27 18:53:33'),
(754, 27, 17, 'Episode 17', '2022-05-27 18:53:33', '2022-05-27 18:53:33'),
(755, 27, 18, 'Episode 18', '2022-05-27 18:53:33', '2022-05-27 18:53:33'),
(756, 27, 19, 'Episode 19', '2022-05-27 18:53:33', '2022-05-27 18:53:33'),
(757, 27, 20, 'Episode 20', '2022-05-27 18:53:33', '2022-05-27 18:53:33'),
(758, 27, 21, 'Episode 21', '2022-05-27 18:53:33', '2022-05-27 18:53:33'),
(759, 27, 22, 'Episode 22', '2022-05-27 18:53:33', '2022-05-27 18:53:33'),
(760, 27, 23, 'Episode 23', '2022-05-27 18:53:33', '2022-05-27 18:53:33'),
(761, 27, 24, 'Episode 24', '2022-05-27 18:53:33', '2022-05-27 18:53:33'),
(762, 27, 25, 'Episode 25', '2022-05-27 18:53:33', '2022-05-27 18:53:33'),
(763, 27, 26, 'Episode 26', '2022-05-27 18:53:33', '2022-05-27 18:53:33'),
(764, 27, 27, 'Episode 27', '2022-05-27 18:53:33', '2022-05-27 18:53:33'),
(765, 27, 28, 'Episode 28', '2022-05-27 18:53:33', '2022-05-27 18:53:33'),
(766, 27, 29, 'Episode 29', '2022-05-27 18:53:33', '2022-05-27 18:53:33'),
(767, 27, 30, 'Episode 30', '2022-05-27 18:53:33', '2022-05-27 18:53:33'),
(768, 27, 31, 'Episode 31', '2022-05-27 18:53:33', '2022-05-27 18:53:33'),
(769, 27, 32, 'Episode 32', '2022-05-27 18:53:33', '2022-05-27 18:53:33'),
(770, 27, 33, 'Episode 33', '2022-05-27 18:53:33', '2022-05-27 18:53:33'),
(771, 27, 34, 'Episode 34', '2022-05-27 18:53:33', '2022-05-27 18:53:33'),
(772, 27, 35, 'Episode 35', '2022-05-27 18:53:33', '2022-05-27 18:53:33'),
(773, 27, 36, 'Episode 36', '2022-05-27 18:53:33', '2022-05-27 18:53:33'),
(774, 27, 37, 'Episode 37', '2022-05-27 18:53:33', '2022-05-27 18:53:33'),
(775, 27, 38, 'Episode 38', '2022-05-27 18:53:33', '2022-05-27 18:53:33'),
(776, 27, 39, 'Episode 39', '2022-05-27 18:53:33', '2022-05-27 18:53:33'),
(777, 27, 40, 'Episode 40', '2022-05-27 18:53:33', '2022-05-27 18:53:33'),
(778, 27, 41, 'Episode 41', '2022-05-27 18:53:33', '2022-05-27 18:53:33'),
(779, 27, 42, 'Episode 42', '2022-05-27 18:53:33', '2022-05-27 18:53:33'),
(780, 27, 43, 'Episode 43', '2022-05-27 18:53:33', '2022-05-27 18:53:33'),
(781, 27, 44, 'Episode 44', '2022-05-27 18:53:33', '2022-05-27 18:53:33'),
(782, 27, 45, 'Episode 45', '2022-05-27 18:53:33', '2022-05-27 18:53:33'),
(783, 27, 46, 'Episode 46', '2022-05-27 18:53:33', '2022-05-27 18:53:33'),
(784, 27, 47, 'Episode 47', '2022-05-27 18:53:33', '2022-05-27 18:53:33'),
(785, 27, 48, 'Episode 48', '2022-05-27 18:53:33', '2022-05-27 18:53:33'),
(786, 27, 49, 'Episode 49', '2022-05-27 18:53:33', '2022-05-27 18:53:33'),
(787, 27, 50, 'Episode 50', '2022-05-27 18:53:33', '2022-05-27 18:53:33'),
(788, 27, 51, 'Episode 51', '2022-05-27 18:53:33', '2022-05-27 18:53:33'),
(789, 27, 52, 'Episode 52', '2022-05-27 18:53:33', '2022-05-27 18:53:33'),
(790, 27, 53, 'Episode 53', '2022-05-27 18:53:33', '2022-05-27 18:53:33'),
(791, 27, 54, 'Episode 54', '2022-05-27 18:53:33', '2022-05-27 18:53:33'),
(792, 27, 55, 'Episode 55', '2022-05-27 18:53:33', '2022-05-27 18:53:33'),
(793, 27, 56, 'Episode 56', '2022-05-27 18:53:33', '2022-05-27 18:53:33'),
(794, 27, 57, 'Episode 57', '2022-05-27 18:53:33', '2022-05-27 18:53:33'),
(795, 27, 58, 'Episode 58', '2022-05-27 18:53:33', '2022-05-27 18:53:33'),
(796, 27, 59, 'Episode 59', '2022-05-27 18:53:33', '2022-05-27 18:53:33'),
(797, 27, 60, 'Episode 60', '2022-05-27 18:53:33', '2022-05-27 18:53:33'),
(798, 27, 61, 'Episode 61', '2022-05-27 18:53:33', '2022-05-27 18:53:33'),
(799, 27, 62, 'Episode 62', '2022-05-27 18:53:33', '2022-05-27 18:53:33'),
(800, 27, 63, 'Episode 63', '2022-05-27 18:53:33', '2022-05-27 18:53:33'),
(801, 27, 64, 'Episode 64', '2022-05-27 18:53:33', '2022-05-27 18:53:33'),
(802, 27, 65, 'Episode 65', '2022-05-27 18:53:33', '2022-05-27 18:53:33'),
(803, 27, 66, 'Episode 66', '2022-05-27 18:53:33', '2022-05-27 18:53:33'),
(804, 27, 67, 'Episode 67', '2022-05-27 18:53:33', '2022-05-27 18:53:33'),
(805, 28, 1, 'Episode 1', '2022-05-27 18:53:33', '2022-05-27 18:53:33'),
(806, 28, 2, 'Episode 2', '2022-05-27 18:53:33', '2022-05-27 18:53:33'),
(807, 28, 3, 'Episode 3', '2022-05-27 18:53:33', '2022-05-27 18:53:33'),
(808, 28, 4, 'Episode 4', '2022-05-27 18:53:33', '2022-05-27 18:53:33'),
(809, 28, 5, 'Episode 5', '2022-05-27 18:53:33', '2022-05-27 18:53:33'),
(810, 28, 6, 'Episode 6', '2022-05-27 18:53:33', '2022-05-27 18:53:33'),
(811, 28, 7, 'Episode 7', '2022-05-27 18:53:33', '2022-05-27 18:53:33'),
(812, 28, 8, 'Episode 8', '2022-05-27 18:53:33', '2022-05-27 18:53:33'),
(813, 28, 9, 'Episode 9', '2022-05-27 18:53:33', '2022-05-27 18:53:33'),
(814, 28, 10, 'Episode 10', '2022-05-27 18:53:33', '2022-05-27 18:53:33'),
(815, 28, 11, 'Episode 11', '2022-05-27 18:53:33', '2022-05-27 18:53:33'),
(816, 28, 12, 'Episode 12', '2022-05-27 18:53:33', '2022-05-27 18:53:33'),
(817, 28, 13, 'Episode 13', '2022-05-27 18:53:33', '2022-05-27 18:53:33'),
(818, 28, 14, 'Episode 14', '2022-05-27 18:53:33', '2022-05-27 18:53:33'),
(819, 28, 15, 'Episode 15', '2022-05-27 18:53:33', '2022-05-27 18:53:33'),
(820, 28, 16, 'Episode 16', '2022-05-27 18:53:33', '2022-05-27 18:53:33'),
(821, 28, 17, 'Episode 17', '2022-05-27 18:53:33', '2022-05-27 18:53:33'),
(822, 28, 18, 'Episode 18', '2022-05-27 18:53:33', '2022-05-27 18:53:33'),
(823, 28, 19, 'Episode 19', '2022-05-27 18:53:33', '2022-05-27 18:53:33'),
(824, 28, 20, 'Episode 20', '2022-05-27 18:53:33', '2022-05-27 18:53:33'),
(825, 28, 21, 'Episode 21', '2022-05-27 18:53:33', '2022-05-27 18:53:33'),
(826, 28, 22, 'Episode 22', '2022-05-27 18:53:33', '2022-05-27 18:53:33'),
(827, 28, 23, 'Episode 23', '2022-05-27 18:53:33', '2022-05-27 18:53:33'),
(828, 28, 24, 'Episode 24', '2022-05-27 18:53:33', '2022-05-27 18:53:33'),
(829, 28, 25, 'Episode 25', '2022-05-27 18:53:33', '2022-05-27 18:53:33'),
(830, 28, 26, 'Episode 26', '2022-05-27 18:53:33', '2022-05-27 18:53:33'),
(831, 28, 27, 'Episode 27', '2022-05-27 18:53:33', '2022-05-27 18:53:33'),
(832, 28, 28, 'Episode 28', '2022-05-27 18:53:33', '2022-05-27 18:53:33');

-- --------------------------------------------------------

--
-- Struktur dari tabel `failed_jobs`
--

CREATE TABLE `failed_jobs` (
  `id` bigint(20) UNSIGNED NOT NULL,
  `uuid` varchar(255) COLLATE utf8mb4_unicode_ci NOT NULL,
  `connection` text COLLATE utf8mb4_unicode_ci NOT NULL,
  `queue` text COLLATE utf8mb4_unicode_ci NOT NULL,
  `payload` longtext COLLATE utf8mb4_unicode_ci NOT NULL,
  `exception` longtext COLLATE utf8mb4_unicode_ci NOT NULL,
  `failed_at` timestamp NOT NULL DEFAULT current_timestamp()
) ENGINE=InnoDB DEFAULT CHARSET=utf8mb4 COLLATE=utf8mb4_unicode_ci;

-- --------------------------------------------------------

--
-- Struktur dari tabel `genres`
--

CREATE TABLE `genres` (
  `id` bigint(20) UNSIGNED NOT NULL,
  `name` varchar(255) COLLATE utf8mb4_unicode_ci NOT NULL,
  `created_at` timestamp NULL DEFAULT NULL,
  `updated_at` timestamp NULL DEFAULT NULL
) ENGINE=InnoDB DEFAULT CHARSET=utf8mb4 COLLATE=utf8mb4_unicode_ci;

--
-- Dumping data untuk tabel `genres`
--

INSERT INTO `genres` (`id`, `name`, `created_at`, `updated_at`) VALUES
(1, 'Drama', '2022-05-27 18:53:29', '2022-05-27 18:53:29'),
(2, 'Kids', '2022-05-27 18:53:29', '2022-05-27 18:53:29'),
(3, 'TV Show', '2022-05-27 18:53:29', '2022-05-27 18:53:29');

-- --------------------------------------------------------

--
-- Struktur dari tabel `migrations`
--

CREATE TABLE `migrations` (
  `id` int(10) UNSIGNED NOT NULL,
  `migration` varchar(255) COLLATE utf8mb4_unicode_ci NOT NULL,
  `batch` int(11) NOT NULL
) ENGINE=InnoDB DEFAULT CHARSET=utf8mb4 COLLATE=utf8mb4_unicode_ci;

--
-- Dumping data untuk tabel `migrations`
--

INSERT INTO `migrations` (`id`, `migration`, `batch`) VALUES
(1, '2014_10_12_000000_create_users_table', 1),
(2, '2014_10_12_100000_create_password_resets_table', 1),
(3, '2019_08_19_000000_create_failed_jobs_table', 1),
(4, '2019_12_14_000001_create_personal_access_tokens_table', 1),
(5, '2022_05_26_060009_create_genres_table', 1),
(6, '2022_05_26_061719_create_movies_table', 1),
(7, '2022_05_26_062043_create_episodes_table', 1);

-- --------------------------------------------------------

--
-- Struktur dari tabel `movies`
--

CREATE TABLE `movies` (
  `id` bigint(20) UNSIGNED NOT NULL,
  `genre_id` bigint(20) UNSIGNED NOT NULL,
  `title` varchar(255) COLLATE utf8mb4_unicode_ci NOT NULL,
  `photo` varchar(255) COLLATE utf8mb4_unicode_ci NOT NULL,
  `description` text COLLATE utf8mb4_unicode_ci NOT NULL,
  `rating` double(8,2) NOT NULL,
  `created_at` timestamp NULL DEFAULT NULL,
  `updated_at` timestamp NULL DEFAULT NULL
) ENGINE=InnoDB DEFAULT CHARSET=utf8mb4 COLLATE=utf8mb4_unicode_ci;

--
-- Dumping data untuk tabel `movies`
--

INSERT INTO `movies` (`id`, `genre_id`, `title`, `photo`, `description`, `rating`, `created_at`, `updated_at`) VALUES
(1, 1, 'Now, We are Breaking Up', 'https://asianwiki.com/images/1/10/Now_We_Are_Breaking_Up-tp02.jpg', 'The series is story of love and break ups in the romantic world. It illustrates the present scenario in the context of fashion industry. Ha Yeong-eun (Song Hye-kyo) is a beautiful, trendy team leader of design department of a fashion company called \'The One\'. Yoon Jae-gook (Jang Ki-yong) is a successful freelance photographer.', 7.20, '2022-05-27 18:53:29', '2022-05-27 18:53:29'),
(2, 1, 'Lovers of the Red Sky', 'https://asianwiki.com/images/d/de/Red_Sky_Korean_Drama-p1.jpg', 'Set during the Dan dynasty era when ghosts, demons and gods are involved in human life, the story recounts the fateful relationship of a female painter (Kim Yoo-jung) and a blind astrologer (Ahn Hyo-seop).', 9.10, '2022-05-27 18:53:29', '2022-05-27 18:53:29'),
(3, 1, 'Doom at Your Service', 'https://asianwiki.com/images/7/74/Doom_at_Your_Service-P1.jpg', 'Tak Dong-Kyung (Park Bo-Young) is an editor for a web novel company. Myul-Mang (Seo In-Guk), suddenly appears in her ordinary life. She makes a 100 day contract with Myul-Mang, risking her life and her love. Myul-Mang is the existence of a middle manager between God and humans. He makes a contract with Tak Dong-Kyung.', 8.90, '2022-05-27 18:53:29', '2022-05-27 18:53:29'),
(4, 1, 'River Where the Moon Rises', 'https://asianwiki.com/images/b/bd/River_Where_The_Moon_Rises-tp01.jpeg', 'A love story between Pyong Gang and On Dal. Pyong Gang (Kim So-Hyun) is princess of Goguryeo. She was raised as a soldier for Goguryeo as soon as she was born. She is ambitious enough to dream of becoming the King of Goguryeo. She meets a man named On Dal (Ji Soo).', 9.00, '2022-05-27 18:53:29', '2022-05-27 18:53:29'),
(5, 1, 'Penthouse', 'https://asianwiki.com/images/4/48/Penthouse-Korean_Drama-P1.jpg', 'Penthouse tells the story of wealthy families living in Hera Palace and their children at Cheong-ah Arts School. Shim Su-ryeon (Lee Ji-ah) is an elegant, wealthy woman who has a tragic past. Her husband is Joo Dan-tae (Uhm Ki-joon), a successful businessman. She later learns that he is hiding a secret from her.', 8.80, '2022-05-27 18:53:29', '2022-05-27 18:53:29'),
(6, 1, 'Goblin', 'https://asianwiki.com/images/b/b2/Goblin-p04.jpg', 'Goblin is a fantasy romance about a modern day goblin (Gong Yoo) who seeks to end his cursed immortal life and needs a human bride (Kim Go Eun) to do so.  His life then becomes intertwined with a grim reaper (Lee Dong Wook) who is unable to remember his past. But when the goblin finally finds his bride, he suddenly realizes he wants to live and be with her.', 9.10, '2022-05-27 18:53:29', '2022-05-27 18:53:29'),
(7, 1, 'Mr. Queen', 'https://asianwiki.com/images/6/61/Mr._Queen-P1.jpg', 'The story begins with a modern age chef Jang Bong-Hwan (Choi Jin Hyuk) who works in the Blue House (South Korean Presidential residence). He meets with an accident and his soul time travels in the past in a historical period during Joseon era and then gets trapped in the body of Queen Cheorin (Shin Hye-sun).', 9.20, '2022-05-27 18:53:29', '2022-05-27 18:53:29'),
(8, 1, 'The K2', 'https://asianwiki.com/images/f/ff/The_K2-p1.jpg', 'Kim Je-Ha (Ji Chang-Wook) is former solider for hire. He is also called K2. He is hired as a bodyguard by Choi Yoo-Jin (Song Yoon-A). Choi Yoo-Jin is the wife of a presidential candidate (Cho Seong-Ha) and the daughter from a chaebol family. Meanwhile, Ko An-Na (Lim Yoon-A) is the secret daughter of the presidential hopeful. She is also a recluse.', 8.80, '2022-05-27 18:53:29', '2022-05-27 18:53:29'),
(9, 1, 'True Beauty', 'https://asianwiki.com/images/e/ee/True_Beauty-P1.jpg', 'Im Ju-Kyung (Mun Ka-Young) is a high school student. Since she was little, she has had a complex about her appearance. To hide her bare face, Im Ju-Kyung always wears make-up. Her excellent make-up skills makes her pretty and she hides her bare face in front others. She gets involved with 2 men; Lee Soo-Ho (Cha Eun-Woo) and Han Seo-Joon (Hwang In-Yeop).', 8.50, '2022-05-27 18:53:29', '2022-05-27 18:53:29'),
(10, 1, 'The Heirs', 'https://asianwiki.com/images/4/48/The_Heirs_-_Korean_Drama-p1.jpg', 'The series follows a group of wealthy, privileged high school students as they are about to take over their families\' business empires, overcoming difficulties and growing every step of the way. Kim Tan (Lee Min-ho) is a wealthy heir to a large Korean conglomerate called Jeguk Group.', 9.00, '2022-05-27 18:53:29', '2022-05-27 18:53:29'),
(11, 2, 'BoBoiBoy', 'https://m.media-amazon.com/images/M/MV5BNmFjYTcyMTktNmIzMC00MTA4LWJmYTEtN2U0ZTdhNWRlYWM4XkEyXkFqcGdeQXVyNjc5MjE5Nzg@._V1_.jpg', 'A kid name boboiboy found out there was an alien that try to invade their planet.a robot name ochobot give boboiboy and his friend a power to save their planet', 5.90, '2022-05-27 18:53:29', '2022-05-27 18:53:29'),
(12, 2, 'Tom & Jerry', 'https://image.tmdb.org/t/p/original/t8Wi0KdSDfVsWOMvFtJg34gkhL4.jpg', 'Tom and Jerry is an American cartoon series about a hapless cat\'s never-ending pursuit of a clever mouse. Tom is the scheming cat, and Jerry is the spunky mouse. The series was driven entirely by action and visual humour although the characters almost never spoke.', 7.80, '2022-05-27 18:53:29', '2022-05-27 18:53:29'),
(13, 2, 'Garfield and Friends', 'https://image.tmdb.org/t/p/original/pE6l6I1ICKOu4pDUXxkl87TTLZx.jpg', 'Stories about Garfield the cat, Odie the dog, their owner Jon and the trouble they get into, and Orson the Pig and his adventures on a farm with fellow farm animals.', 7.20, '2022-05-27 18:53:29', '2022-05-27 18:53:29'),
(14, 2, 'Phineas and Ferb', 'https://image.tmdb.org/t/p/original/5M1KD34oDBjnmVQhdvoVNYgMugc.jpg', 'An animated comedy about two stepbrothers, Phineas and Ferb, who find inventive things to do on each day of their summer vacation, such as building a roller coaster out of materials you would find in your everyday home like Popsicle sticks, indoor plumbing, et cetera.', 8.00, '2022-05-27 18:53:29', '2022-05-27 18:53:29'),
(15, 2, 'Courage the Cowardly Dog', 'https://m.media-amazon.com/images/M/MV5BMTU4MGEyNTItNzg5ZS00ZGU0LTk4NmEtODM0Y2UxYTY2YTUyXkEyXkFqcGdeQXVyNTAyODkwOQ@@._V1_FMjpg_UX1000_.jpg', 'The offbeat adventures of Courage, a cowardly dog who must overcome his own fears to heroically defend his unknowing farmer owners from all kinds of dangers, paranormal events and menaces that appear around their land.', 8.30, '2022-05-27 18:53:29', '2022-05-27 18:53:29'),
(16, 2, 'The Powerpuff Girls', 'https://picfiles.alphacoders.com/410/410329.jpg', 'Fed up with the criminals, Professor Utonium, decides to help the people by creating a perfect little girl (composed of sugar, spice and everything nice). But in an instant dose of Chemical X, what he gets is three little girls whom he names Blossom, Bubbles and Buttercup.', 7.30, '2022-05-27 18:53:29', '2022-05-27 18:53:29'),
(17, 2, 'The Flintstones', 'https://picfiles.alphacoders.com/365/365084.jpg', 'Residing in Bedrock, Fred Flintstone worked an unsatisfying quarry job, but returned home to lovely wife Wilma and eventually daughter Pebbles. Fred, a big fan of golf and bowling, also enjoyed bullying neighbor Barney Rubble, while Barney\'s saucy wife Betty was best friends with Wilma.', 7.50, '2022-05-27 18:53:29', '2022-05-27 18:53:29'),
(18, 2, 'Scooby Doo, Where Are You!', 'https://images.justwatch.com/poster/253146654/s718/scooby-doo-where-are-you.%7Bformat%7D', 'A group of teenage friends and their Great Dane (Scooby-Doo) travel in a bright green van solving strange and hilarious mysteries, while returning from or going to a regular teenage function.', 7.90, '2022-05-27 18:53:29', '2022-05-27 18:53:29'),
(19, 3, 'Running Man', 'https://i.pinimg.com/564x/c1/09/85/c10985bc30715f42d872605fbcedf2b9.jpg', 'Running Man is a reality-variety show where the cast must complete missions at various places to win the race. Running Man is a reality-variety show where the cast must complete missions at various places to win the race.', 9.20, '2022-05-27 18:53:29', '2022-05-27 18:53:29'),
(20, 3, 'My Little Old Boy', 'https://img.betaseries.com/YfF6N4EbHTJJrjC67B-y6zTASYk=/600x900/smart/https%3A%2F%2Fpictures.betaseries.com%2Ffonds%2Fposter%2F620cf14cf6a751609fa27fcbc8bc01ec.jpg', 'This reality program focuses on the mothers of South Korean celebrities. Unlike the generic reality program which focuses solely on the celebrity, My Little Old Boy features commentary from the celebrities\' mothers as they watch the footage of their sons and or daughters\' daily activities.', 8.20, '2022-05-27 18:53:29', '2022-05-27 18:53:29'),
(21, 3, 'Infinite Challenge', 'https://image.tmdb.org/t/p/w500/3ZIPTvMnzI5ThmdGeEYQFxJV5Sg.jpg', 'Infinite Challenge is a show that stars Yu Jae Seok, Park Myeong Soo, Jung Jun Ha, Haha, Yang Se Hyeong, and Cho Sae Ho. Together, they complete various missions that are deemed difficult or impossible. Each week is filled with laughter and fun due to the on-screen chemistry of these six men.', 8.10, '2022-05-27 18:53:29', '2022-05-27 18:53:29'),
(22, 3, 'Do or Die', 'https://www.tvguide.com/a/img/catalog/provider/1/1/1-1495651783.jpg', 'When the choices you make mean the difference between life and death, would you know how to stay alive? Do or Die features stories of real people in desperate situations and reveals the shocking science behind their choices that might just save your life.', 8.60, '2022-05-27 18:53:29', '2022-05-27 18:53:29'),
(23, 3, 'Men On a Mission', 'https://image.tmdb.org/t/p/original/a1rnHdqAvEm5NUWJ2SRzBY4Hkt5.jpg', 'Men On a Mission current fixed cast includes Kang Ho-dong, Lee Soo-geun, Kim Young-chul, Seo Jang-hoon, Kim Heechul, Min Kyunghoon, Lee Sangmin, and Lee Jin-ho; Hwang Chi-yeul and Kim Se-hwang were initial cast members in the program\'s first few episodes. Jang Sung-kyu and Shindong have appeared as recurring special guests by hosting the show\'s game segments. The show received several accolades during its run.', 8.70, '2022-05-27 18:53:29', '2022-05-27 18:53:29'),
(24, 3, 'The Law of Jungle', 'https://m.media-amazon.com/images/M/MV5BZGRhNTU2NDgtNjRlMS00MjIyLWI3MjctODFkZmVkZWU2NTVhL2ltYWdlL2ltYWdlXkEyXkFqcGdeQXVyNjIzNjIxNzc@._V1_.jpg', 'Law of the Jungle is a hybrid reality show combining elements of drama and documentary. The show is hosted by comedian Kim Byung Man, and each episode invites various celebrities from the various field. So far, many of idol stars and famous actors have appeared on the show. The show introduces viewers to exotic locations around the world where celebrities must work together in order to complete missions and survive.', 9.20, '2022-05-27 18:53:29', '2022-05-27 18:53:29'),
(25, 3, 'Hangout with Yoo', 'https://m.media-amazon.com/images/M/MV5BNGUzMjcyN2QtYTUxYS00NTE3LTliODktOGZlMDlkYjc1MjIxXkEyXkFqcGdeQXVyMTI1OTY3MzM3._V1_.jpg', 'This is a show that was started in order to find out what Yoo Jae-suk would be doing during his days off. Subsequently, the show showcases Yoo taking on various projects, with him taking on various secondary roles.', 8.90, '2022-05-27 18:53:29', '2022-05-27 18:53:29'),
(26, 3, 'Live Below Zero', 'https://flxt.tmsimg.com/assets/p18740985_b_v10_aa.jpg', 'The show follows people living in the remote areas of Alaska, surviving off the land, making money through various ventures, as well as dealing with the many different challenges that come with living so remotely in such an unforgiving environment.', 9.20, '2022-05-27 18:53:29', '2022-05-27 18:53:29'),
(27, 3, 'Brain Games', 'https://cdn1.edgedatg.com/aws/v2/natgeo/BrainGames/showimages/3a3ddf0eac16ffae363c86088a2150ef/588x783-Q80_3a3ddf0eac16ffae363c86088a2150ef.jpg', 'Brain Games returns featuring high-stakes stunts, celebrity brain gamers, and jam packed interactive games. Episode themes include: Battle of the Sexes, Music, Optical Delusions, Performance, Power/Persuasion, Laws of Attraction, Movie Magic, and Kids vs. Adults', 9.20, '2022-05-27 18:53:29', '2022-05-27 18:53:29'),
(28, 3, 'Genius', 'https://flxt.tmsimg.com/assets/p13876734_b_v8_aa.jpg', 'Genius is a show that explores the turbulent journey of the physicist who would grow to become the icon: Albert Einstein. Consequently, this series will change the way we view Einstein. From their days as young adults to their final years we see their discoveries, loves, relationships, causes, flaws and genius.', 8.90, '2022-05-27 18:53:29', '2022-05-27 18:53:29');

-- --------------------------------------------------------

--
-- Struktur dari tabel `password_resets`
--

CREATE TABLE `password_resets` (
  `email` varchar(255) COLLATE utf8mb4_unicode_ci NOT NULL,
  `token` varchar(255) COLLATE utf8mb4_unicode_ci NOT NULL,
  `created_at` timestamp NULL DEFAULT NULL
) ENGINE=InnoDB DEFAULT CHARSET=utf8mb4 COLLATE=utf8mb4_unicode_ci;

-- --------------------------------------------------------

--
-- Struktur dari tabel `personal_access_tokens`
--

CREATE TABLE `personal_access_tokens` (
  `id` bigint(20) UNSIGNED NOT NULL,
  `tokenable_type` varchar(255) COLLATE utf8mb4_unicode_ci NOT NULL,
  `tokenable_id` bigint(20) UNSIGNED NOT NULL,
  `name` varchar(255) COLLATE utf8mb4_unicode_ci NOT NULL,
  `token` varchar(64) COLLATE utf8mb4_unicode_ci NOT NULL,
  `abilities` text COLLATE utf8mb4_unicode_ci DEFAULT NULL,
  `last_used_at` timestamp NULL DEFAULT NULL,
  `created_at` timestamp NULL DEFAULT NULL,
  `updated_at` timestamp NULL DEFAULT NULL
) ENGINE=InnoDB DEFAULT CHARSET=utf8mb4 COLLATE=utf8mb4_unicode_ci;

-- --------------------------------------------------------

--
-- Struktur dari tabel `users`
--

CREATE TABLE `users` (
  `id` bigint(20) UNSIGNED NOT NULL,
  `name` varchar(255) COLLATE utf8mb4_unicode_ci NOT NULL,
  `email` varchar(255) COLLATE utf8mb4_unicode_ci NOT NULL,
  `email_verified_at` timestamp NULL DEFAULT NULL,
  `password` varchar(255) COLLATE utf8mb4_unicode_ci NOT NULL,
  `remember_token` varchar(100) COLLATE utf8mb4_unicode_ci DEFAULT NULL,
  `created_at` timestamp NULL DEFAULT NULL,
  `updated_at` timestamp NULL DEFAULT NULL
) ENGINE=InnoDB DEFAULT CHARSET=utf8mb4 COLLATE=utf8mb4_unicode_ci;

--
-- Indexes for dumped tables
--

--
-- Indeks untuk tabel `episodes`
--
ALTER TABLE `episodes`
  ADD PRIMARY KEY (`id`),
  ADD KEY `episodes_movie_id_foreign` (`movie_id`);

--
-- Indeks untuk tabel `failed_jobs`
--
ALTER TABLE `failed_jobs`
  ADD PRIMARY KEY (`id`),
  ADD UNIQUE KEY `failed_jobs_uuid_unique` (`uuid`);

--
-- Indeks untuk tabel `genres`
--
ALTER TABLE `genres`
  ADD PRIMARY KEY (`id`);

--
-- Indeks untuk tabel `migrations`
--
ALTER TABLE `migrations`
  ADD PRIMARY KEY (`id`);

--
-- Indeks untuk tabel `movies`
--
ALTER TABLE `movies`
  ADD PRIMARY KEY (`id`),
  ADD KEY `movies_genre_id_foreign` (`genre_id`);

--
-- Indeks untuk tabel `password_resets`
--
ALTER TABLE `password_resets`
  ADD KEY `password_resets_email_index` (`email`);

--
-- Indeks untuk tabel `personal_access_tokens`
--
ALTER TABLE `personal_access_tokens`
  ADD PRIMARY KEY (`id`),
  ADD UNIQUE KEY `personal_access_tokens_token_unique` (`token`),
  ADD KEY `personal_access_tokens_tokenable_type_tokenable_id_index` (`tokenable_type`,`tokenable_id`);

--
-- Indeks untuk tabel `users`
--
ALTER TABLE `users`
  ADD PRIMARY KEY (`id`),
  ADD UNIQUE KEY `users_email_unique` (`email`);

--
-- AUTO_INCREMENT untuk tabel yang dibuang
--

--
-- AUTO_INCREMENT untuk tabel `episodes`
--
ALTER TABLE `episodes`
  MODIFY `id` bigint(20) UNSIGNED NOT NULL AUTO_INCREMENT, AUTO_INCREMENT=833;

--
-- AUTO_INCREMENT untuk tabel `failed_jobs`
--
ALTER TABLE `failed_jobs`
  MODIFY `id` bigint(20) UNSIGNED NOT NULL AUTO_INCREMENT;

--
-- AUTO_INCREMENT untuk tabel `genres`
--
ALTER TABLE `genres`
  MODIFY `id` bigint(20) UNSIGNED NOT NULL AUTO_INCREMENT, AUTO_INCREMENT=4;

--
-- AUTO_INCREMENT untuk tabel `migrations`
--
ALTER TABLE `migrations`
  MODIFY `id` int(10) UNSIGNED NOT NULL AUTO_INCREMENT, AUTO_INCREMENT=8;

--
-- AUTO_INCREMENT untuk tabel `movies`
--
ALTER TABLE `movies`
  MODIFY `id` bigint(20) UNSIGNED NOT NULL AUTO_INCREMENT, AUTO_INCREMENT=29;

--
-- AUTO_INCREMENT untuk tabel `personal_access_tokens`
--
ALTER TABLE `personal_access_tokens`
  MODIFY `id` bigint(20) UNSIGNED NOT NULL AUTO_INCREMENT;

--
-- AUTO_INCREMENT untuk tabel `users`
--
ALTER TABLE `users`
  MODIFY `id` bigint(20) UNSIGNED NOT NULL AUTO_INCREMENT;

--
-- Ketidakleluasaan untuk tabel pelimpahan (Dumped Tables)
--

--
-- Ketidakleluasaan untuk tabel `episodes`
--
ALTER TABLE `episodes`
  ADD CONSTRAINT `episodes_movie_id_foreign` FOREIGN KEY (`movie_id`) REFERENCES `movies` (`id`);

--
-- Ketidakleluasaan untuk tabel `movies`
--
ALTER TABLE `movies`
  ADD CONSTRAINT `movies_genre_id_foreign` FOREIGN KEY (`genre_id`) REFERENCES `genres` (`id`);
COMMIT;

/*!40101 SET CHARACTER_SET_CLIENT=@OLD_CHARACTER_SET_CLIENT */;
/*!40101 SET CHARACTER_SET_RESULTS=@OLD_CHARACTER_SET_RESULTS */;
/*!40101 SET COLLATION_CONNECTION=@OLD_COLLATION_CONNECTION */;
